0.1491,-0.3239,0.2659,0.0207
-0.3343,-0.3239,0.2659,0.5041
0.6325,-0.3239,0.2659,0.5041
0.6325,0.1595,0.2659,0.5041
0.6325,0.1595,0.2659,0.0207
0.1491,0.1595,0.2659,0.5041
0.1491,-0.3239,-0.2175,0.5041
0.6325,0.1595,0.2659,0.0207
-0.3343,-0.3239,0.2659,0.0207
0.1491,0.1595,0.2659,0.5041
0.1491,-0.3239,0.7493,0.5041
0.1491,0.1595,0.2659,0.5041
0.1491,0.6429,0.2659,0.5041
0.1491,0.1595,0.2659,0.0207
0.1491,0.1595,0.7493,0.5041
0.1491,-0.3239,0.2659,0.0207
-0.3343,0.1595,-0.2175,0.0207
-0.3343,0.1595,0.2659,0.0207
0.1491,0.1595,0.2659,0.5041
-0.3343,0.1595,-0.2175,0.0207
0.1491,0.1595,0.2659,0.5041
0.1491,-0.3239,-0.2175,0.0207
0.1491,-0.3239,-0.2175,0.0207
-0.3343,-0.3239,-0.2175,0.0207
0.1491,-0.3239,-0.2175,0.0207
0.1491,-0.3239,-0.2175,0.0207
-0.8177,-0.3239,-0.2175,0.0207
0.1491,0.1595,-0.2175,0.0207
-0.3343,-0.8073,-0.2175,0.0207
-0.8177,-0.3239,-0.2175,0.0207
-0.3343,-0.3239,-0.2175,0.0207
-0.8177,-0.3239,-0.2175,0.0207
-0.3343,-0.3239,-0.2175,-0.4627
-0.3343,-0.8073,-0.7009,0.0207
-0.3343,-0.3239,-0.2175,0.0207
-0.3343,-0.8073,-0.7009,-0.4627
-0.8177,-0.8073,-0.2175,-0.4627
-0.3343,-0.8073,-0.2175,-0.4627
-0.3343,-0.8073,-0.7009,-0.4627
-0.3343,-0.8073,-0.7009,-0.4627
-0.3343,-0.8073,-0.2175,-0.4627
-0.3343,-0.3239,-0.7009,-0.4627
-0.3343,-0.3239,-0.2175,0.0207
-0.3343,0.1595,-0.7009,-0.4627
0.1491,-0.3239,-0.2175,-0.9461
-0.3343,-0.3239,-0.2175,0.0207
-0.3343,0.1595,-0.7009,-0.4627
0.1491,-0.3239,-0.2175,-0.4627
-0.3343,-0.3239,-0.2175,0.0207
-0.3343,-0.3239,-0.2175,0.0207
-0.3343,-0.3239,-0.2175,-0.4627
0.1491,-0.3239,-0.2175,0.0207
0.1491,-0.3239,-0.2175,0.0207
0.1491,0.1595,-0.2175,0.0207
0.1491,-0.3239,-0.2175,-0.4627
-0.3343,-0.3239,-0.2175,0.0207
-0.3343,-0.3239,-0.2175,0.0207
0.1491,0.1595,0.2659,-0.4627
0.1491,-0.3239,-0.2175,0.0207
0.1491,-0.3239,0.2659,0.0207
0.6325,-0.3239,0.2659,0.5041
0.1491,-0.3239,0.2659,0.0207
0.6325,0.1595,0.2659,0.5041
0.1491,0.1595,0.2659,0.5041
0.6325,-0.3239,0.2659,0.9875
0.1491,0.6429,0.2659,0.5041
0.6325,0.1595,0.2659,0.5041
0.1491,-0.3239,0.2659,0.5041
0.1491,0.1595,0.7493,0.5041
0.1491,0.1595,0.2659,0.5041
0.6325,0.1595,0.2659,0.0207
0.1491,0.1595,0.2659,0.5041
0.1491,0.1595,0.7493,0.0207
0.1491,0.1595,0.2659,0.5041
0.1491,0.6429,0.2659,0.5041
0.1491,0.6429,-0.2175,0.0207
0.6325,0.1595,0.2659,0.0207
0.6325,-0.3239,0.2659,0.5041
-0.3343,0.1595,0.2659,0.5041
0.6325,0.1595,0.2659,0.5041
-0.3343,0.1595,0.2659,0.0207
-0.3343,-0.3239,-0.2175,0.0207
-0.3343,0.1595,0.2659,0.0207
0.1491,0.1595,-0.2175,0.0207
-0.3343,-0.3239,0.2659,0.0207
-0.3343,-0.3239,-0.2175,0.0207
0.6325,-0.3239,-0.2175,0.0207
0.1491,0.1595,-0.2175,0.0207
0.1491,-0.3239,-0.2175,0.0207
-0.3343,-0.3239,-0.2175,-0.4627
0.1491,-0.3239,-0.2175,0.0207
-0.3343,-0.3239,-0.2175,0.0207
-0.3343,-0.3239,-0.2175,0.0207
-0.3343,-0.3239,-0.2175,0.0207
-0.3343,0.1595,-0.2175,0.0207
-0.3343,-0.3239,-0.2175,0.0207
-0.3343,-0.3239,-0.2175,0.0207
-0.3343,-0.3239,-0.2175,0.0207
0.1491,-0.8073,-0.2175,0.0207
0.1491,-0.8073,-0.2175,-0.4627
0.1491,-0.3239,-0.2175,0.0207
-0.8177,-0.3239,-0.2175,0.0207
-0.3343,-0.3239,-0.2175,0.0207
-0.3343,-0.3239,-0.2175,-0.4627
0.1491,-0.3239,-0.2175,0.0207
-0.3343,-0.8073,-0.2175,0.0207
0.1491,-0.8073,-0.2175,0.0207
0.1491,-0.3239,-0.2175,0.0207
-0.3343,-0.3239,-0.2175,0.0207
0.1491,0.1595,-0.2175,0.0207
-0.3343,-0.3239,-0.2175,0.0207
-0.3343,0.1595,0.2659,0.0207
-0.3343,0.1595,0.2659,0.0207
-0.3343,0.1595,0.2659,-0.4627
2.0827,-0.3239,-0.2175,0.0207
-0.3343,0.1595,0.2659,0.0207
0.1491,-0.3239,0.2659,0.0207
0.1491,0.1595,-0.2175,0.0207
0.1491,-0.3239,-0.2175,0.0207
0.1491,0.1595,0.2659,0.0207
0.1491,0.1595,0.2659,0.0207
0.1491,0.1595,0.2659,0.5041
0.1491,0.1595,0.2659,0.0207
0.1491,0.1595,0.2659,0.0207
0.1491,0.6429,0.7493,0.0207
0.6325,0.6429,0.2659,0.0207
0.6325,0.1595,0.2659,0.0207
0.6325,0.1595,0.2659,0.0207
-0.3343,0.1595,0.2659,0.5041
0.1491,0.1595,0.2659,0.5041
0.6325,0.1595,0.2659,1.4709
0.1491,0.6429,0.2659,0.5041
0.6325,0.1595,0.2659,0.0207
0.1491,0.1595,0.2659,0.5041
0.1491,-0.3239,0.2659,0.5041
1.1159,0.1595,0.2659,0.0207
0.1491,0.6429,-0.2175,0.5041
0.6325,0.1595,0.2659,0.5041
0.6325,-0.3239,0.2659,0.5041
0.6325,0.1595,-0.2175,0.0207
-0.3343,0.1595,0.2659,0.0207
-0.3343,0.1595,0.2659,0.0207
-0.3343,0.1595,-0.2175,0.5041
0.1491,-0.3239,-0.2175,0.0207
0.6325,-0.3239,-0.2175,0.0207
-0.3343,-0.3239,-0.2175,0.5041
0.1491,-0.3239,-0.2175,0.0207
-0.3343,-0.3239,-0.2175,0.0207
-0.3343,-0.8073,-0.2175,0.0207
-0.8177,-0.3239,-0.2175,0.0207
-0.3343,-0.3239,-0.2175,0.0207
0.1491,-0.8073,-0.2175,0.0207
-0.3343,-0.3239,-0.2175,-0.4627
-0.3343,-0.8073,-0.2175,0.0207
-0.3343,-0.8073,-0.2175,0.0207
-0.3343,-0.3239,-0.7009,0.0207
-0.8177,0.1595,-0.2175,0.0207
-0.3343,-0.3239,-0.2175,-0.4627
-1.3011,-0.3239,-0.2175,-0.4627
-0.3343,-0.3239,-0.7009,0.0207
-0.3343,-0.8073,-0.2175,0.0207
-0.3343,-0.3239,-0.7009,0.0207
-0.3343,-0.3239,-0.2175,0.0207
0.1491,-0.3239,-0.7009,0.0207
0.1491,-0.8073,-0.2175,-0.4627
-0.3343,-0.8073,-0.2175,0.0207
-0.3343,-0.8073,-0.2175,0.0207
-0.3343,-0.8073,-0.2175,0.0207
-0.3343,-0.3239,-0.2175,-0.4627
0.1491,-0.3239,-0.2175,0.0207
-0.3343,0.1595,-0.2175,0.0207
-0.3343,-0.3239,-0.2175,0.0207
0.1491,0.1595,0.2659,0.0207
-0.3343,0.1595,-0.2175,0.0207
0.1491,0.6429,0.2659,0.0207
0.1491,0.1595,-0.2175,0.5041
0.1491,0.1595,0.2659,0.0207
0.1491,0.1595,0.2659,0.0207
0.1491,0.1595,0.2659,0.0207
0.6325,-0.3239,0.2659,0.5041
-3.7181,0.1595,0.2659,0.0207
0.1491,0.1595,0.2659,0.5041
0.1491,0.1595,0.2659,0.5041
-0.3343,0.6429,0.2659,0.5041
0.6325,-0.3239,0.2659,0.5041
-0.3343,0.1595,0.2659,0.9875
0.1491,0.6429,0.2659,0.5041
0.1491,0.6429,0.2659,0.5041
0.6325,-0.3239,0.2659,0.0207
0.1491,0.6429,0.2659,0.0207
0.1491,0.1595,0.2659,0.0207
0.1491,0.6429,0.2659,0.5041
0.6325,-0.3239,-0.2175,0.5041
0.1491,0.1595,0.2659,0.5041
0.1491,0.1595,0.2659,0.5041
-0.3343,0.1595,0.2659,0.0207
0.1491,0.1595,0.2659,0.0207
0.1491,0.1595,0.2659,0.5041
0.1491,-0.3239,0.2659,0.5041
0.1491,-0.3239,0.2659,0.0207
0.1491,-0.8073,0.2659,0.0207
-0.3343,0.1595,-0.2175,0.5041
-0.3343,-0.3239,-0.2175,0.5041
0.1491,0.1595,-0.2175,0.0207
0.1491,0.1595,-0.2175,0.0207
0.1491,-0.3239,0.2659,0.0207
0.6325,0.1595,-0.2175,0.0207
0.1491,-0.3239,-0.2175,0.0207
-0.3343,0.1595,-0.2175,0.0207
0.1491,-0.3239,-0.2175,-0.4627
-0.3343,-0.8073,0.2659,-0.4627
-0.3343,-0.3239,-0.2175,0.0207
0.1491,-0.3239,-0.2175,-0.4627
-0.3343,-0.3239,-0.2175,0.0207
-0.3343,-0.8073,-0.2175,-0.4627
-0.3343,-0.3239,-0.7009,-0.4627
-0.3343,0.1595,-0.2175,0.0207
-0.3343,-0.3239,-0.2175,-0.4627
0.1491,-0.3239,-0.2175,-0.4627
-0.3343,-0.3239,-0.7009,0.0207
-0.3343,-0.8073,-0.2175,-0.4627
-0.3343,-0.3239,-0.2175,-0.4627
0.1491,-0.3239,-0.2175,0.0207
-0.3343,-0.3239,-0.2175,-0.4627
-0.3343,-0.3239,-0.2175,0.0207
0.1491,-0.3239,-0.2175,0.0207
-0.3343,-0.3239,-0.2175,0.0207
0.1491,-0.3239,-0.2175,0.0207
0.1491,-0.3239,-0.2175,0.0207
-0.3343,-0.3239,0.2659,-0.4627
0.1491,-0.3239,-0.2175,0.0207
-0.3343,-0.3239,0.2659,0.5041
0.1491,0.6429,-0.2175,0.0207
-0.3343,-0.8073,-0.2175,0.0207
-0.3343,0.1595,0.2659,0.5041
0.1491,0.1595,-0.2175,0.5041
-0.3343,0.1595,0.2659,0.0207
0.6325,-0.3239,0.2659,0.5041
0.1491,0.1595,0.2659,0.0207
0.6325,-0.3239,0.7493,0.5041
0.1491,0.1595,0.2659,0.5041
0.1491,0.1595,0.2659,0.5041
0.1491,0.6429,0.2659,0.5041
0.1491,0.1595,0.7493,0.5041
0.1491,0.1595,0.2659,0.0207
0.1491,0.1595,0.2659,0.0207
0.6325,0.1595,0.2659,0.5041
0.1491,0.1595,0.7493,0.0207
0.1491,0.1595,0.2659,0.0207
0.1491,0.1595,0.2659,0.0207
0.1491,0.1595,0.2659,0.0207
0.6325,0.6429,0.2659,0.5041
0.6325,0.1595,0.2659,0.5041
0.6325,0.1595,0.2659,0.0207
0.1491,-0.3239,0.2659,0.0207
0.1491,0.1595,0.2659,0.5041
0.1491,0.1595,0.2659,0.5041
0.1491,0.1595,0.2659,0.0207
0.1491,-0.3239,0.2659,0.0207
0.6325,0.1595,-0.2175,0.0207
-0.3343,0.1595,0.2659,0.0207
0.6325,0.1595,-0.2175,0.0207
-0.3343,0.1595,-0.2175,0.0207
0.1491,-0.3239,0.2659,0.0207
0.1491,-0.3239,0.2659,0.0207
-0.3343,0.1595,-0.2175,0.0207
0.1491,0.1595,-0.2175,0.0207
-0.3343,0.1595,-0.2175,0.0207
-0.3343,0.1595,-0.2175,0.0207
-0.3343,-0.8073,-0.2175,-0.4627
-0.3343,-0.3239,-0.2175,-0.4627
0.6325,-0.3239,-0.2175,-0.4627
0.1491,-0.3239,-0.7009,0.0207
0.1491,-0.8073,-0.7009,-0.4627
-0.3343,-0.3239,-0.7009,-0.4627
-0.3343,-0.3239,-0.2175,0.0207
-0.3343,-0.8073,-0.2175,0.0207
-0.3343,-0.3239,-0.2175,-0.4627
0.1491,-0.8073,-0.7009,-0.4627
-0.3343,-0.8073,-0.7009,-0.4627
-0.8177,-0.3239,-0.2175,0.0207
-0.3343,-0.8073,-0.2175,-0.4627
0.1491,-0.3239,-0.2175,-0.4627
0.1491,-0.8073,-0.2175,-0.4627
0.1491,-0.3239,-0.7009,0.0207
0.1491,-0.3239,-0.2175,0.0207
-0.3343,-0.8073,-0.2175,-0.4627
-0.3343,-0.3239,-0.2175,0.0207
-0.3343,0.1595,-0.2175,0.0207
-0.3343,-0.3239,-0.2175,0.0207
0.1491,-0.3239,-0.2175,0.0207
0.6325,0.1595,0.2659,0.0207
0.1491,0.1595,-0.2175,0.0207
-0.3343,0.1595,0.2659,0.0207
0.1491,0.1595,-0.2175,0.5041
-0.3343,0.1595,0.2659,0.0207
0.6325,0.1595,0.2659,0.5041
-0.3343,0.1595,0.2659,0.5041
0.1491,0.1595,0.2659,0.5041
0.6325,-0.3239,0.2659,0.5041
0.6325,0.1595,0.2659,0.5041
0.6325,0.6429,0.7493,0.5041
0.1491,0.1595,0.2659,0.5041
0.1491,0.1595,0.7493,0.5041
0.1491,0.1595,0.2659,0.5041
0.6325,0.1595,0.2659,0.5041
0.1491,0.6429,0.2659,0.5041
0.1491,0.6429,0.2659,0.0207
0.6325,0.1595,0.2659,0.5041
0.1491,0.1595,0.2659,0.0207
0.1491,0.1595,0.2659,0.5041
0.1491,0.1595,0.2659,0.5041
0.6325,0.6429,0.2659,0.5041
0.1491,0.1595,0.2659,0.5041
0.1491,0.1595,0.2659,0.0207
0.1491,0.1595,0.2659,0.0207
0.1491,-0.3239,0.2659,0.5041
0.1491,0.6429,-0.2175,0.0207
0.1491,0.1595,0.2659,0.0207
0.1491,-0.3239,-0.2175,0.0207
0.1491,-0.3239,-0.2175,0.0207
0.1491,0.1595,-0.2175,0.0207
0.1491,-0.3239,-0.2175,0.0207
0.1491,0.1595,-0.2175,0.0207
0.1491,0.1595,-0.2175,-0.4627
0.1491,-0.3239,-0.2175,0.0207
0.1491,-0.3239,-0.2175,0.5041
0.1491,-0.3239,-0.2175,0.0207
0.1491,-0.3239,-0.2175,-0.4627
-0.3343,-0.8073,-0.7009,0.0207
0.1491,-0.8073,-0.7009,0.0207
-0.3343,-0.3239,-0.7009,0.0207
-0.3343,-0.3239,-0.7009,-0.4627
-0.3343,-0.3239,-0.2175,-0.4627
-0.3343,-0.8073,-0.2175,0.0207
-0.3343,-0.8073,-0.7009,0.0207
-0.3343,-0.3239,-0.7009,-0.4627
-0.3343,-0.3239,-0.7009,-0.4627
0.1491,-0.8073,-0.7009,-0.4627
-0.3343,-0.3239,-0.2175,-0.4627
-0.8177,-0.3239,-0.2175,-0.4627
-0.3343,0.1595,-0.2175,-0.4627
-0.3343,-0.3239,-0.2175,-0.4627
-0.8177,-0.3239,-0.2175,0.0207
-0.3343,-0.3239,-0.2175,-0.4627
0.1491,-0.3239,-0.2175,-0.4627
-0.3343,0.1595,-0.2175,0.0207
0.1491,0.1595,-0.2175,-0.4627
-0.3343,-0.3239,-0.2175,-0.4627
0.1491,0.1595,-0.2175,0.5041
0.1491,0.1595,-0.2175,-0.4627
-0.3343,0.1595,-0.2175,0.0207
-0.3343,0.1595,0.2659,0.0207
0.6325,-0.3239,-0.2175,0.0207
0.1491,0.1595,-0.2175,0.0207
0.1491,0.6429,0.2659,0.0207
-0.3343,0.1595,0.2659,0.0207
-0.3343,0.1595,0.2659,0.5041
0.1491,0.1595,0.7493,0.5041
0.6325,-0.3239,0.2659,-0.4627
0.1491,0.1595,0.2659,0.5041
0.6325,0.1595,0.2659,0.0207
-0.3343,-0.3239,0.2659,1.4709
0.1491,-0.3239,0.2659,0.0207
0.1491,0.1595,0.2659,0.0207
0.1491,0.1595,0.2659,0.5041
0.1491,0.1595,0.2659,0.5041
0.1491,0.1595,0.2659,0.5041
0.1491,0.1595,0.2659,0.5041
0.1491,-0.3239,0.2659,0.5041
0.6325,0.1595,0.7493,0.5041
0.1491,-0.3239,-0.2175,0.5041
1.1159,3.0599,0.2659,0.0207
0.1491,-0.3239,0.2659,0.5041
0.6325,-0.3239,0.2659,0.0207
0.6325,0.1595,0.2659,0.5041
0.1491,0.1595,0.2659,0.0207
0.1491,0.1595,0.2659,0.0207
0.1491,0.6429,0.2659,0.5041
0.1491,-0.3239,-0.2175,0.5041
0.6325,0.1595,0.2659,0.0207
-0.3343,0.1595,0.2659,0.0207
0.1491,0.1595,-0.2175,0.0207
-0.3343,-0.3239,-0.2175,0.0207
0.6325,-0.3239,-0.2175,0.0207
0.1491,-0.3239,0.2659,-0.4627
-0.3343,-0.8073,-0.2175,0.0207
-0.3343,-0.8073,-0.2175,0.0207
0.1491,-0.8073,-0.2175,0.0207
0.1491,-0.8073,-0.2175,0.0207
-0.3343,-0.3239,-0.2175,0.0207
-0.3343,-0.8073,-0.2175,0.0207
0.1491,-0.3239,-0.2175,-0.4627
0.1491,-0.8073,-0.2175,0.0207
-0.3343,-0.3239,-0.2175,-0.4627
-0.3343,-0.8073,-0.2175,-0.4627
0.1491,-0.8073,-0.2175,-0.4627
-0.3343,-0.3239,-0.2175,-0.4627
-0.3343,-0.8073,-0.7009,-0.4627
0.1491,-0.3239,-0.2175,-0.4627
-0.3343,-0.3239,-0.2175,-0.4627
-0.8177,-0.3239,-0.2175,-0.4627
-0.8177,-0.3239,-0.2175,-0.4627
-0.8177,-0.3239,-0.7009,-0.4627
-0.3343,-0.8073,-0.7009,0.0207
-0.3343,-0.3239,-0.2175,0.0207
0.1491,-0.3239,-0.2175,-0.4627
-0.3343,0.1595,0.2659,0.0207
-0.3343,-0.3239,-0.2175,-0.4627
0.1491,-0.3239,-0.2175,-0.4627
0.1491,0.1595,-0.2175,0.0207
-0.3343,-2.7409,-0.2175,0.0207
0.1491,-0.3239,-0.2175,-0.4627
0.1491,-0.3239,-0.2175,0.0207
0.1491,0.1595,0.2659,0.5041
-0.3343,-0.3239,0.2659,0.0207
0.1491,-0.3239,-0.2175,0.5041
0.1491,0.1595,0.2659,0.0207
0.6325,0.1595,0.2659,0.5041
0.1491,0.1595,0.2659,0.5041
0.1491,-0.3239,0.2659,0.9875
0.1491,0.1595,0.2659,0.0207
0.1491,0.1595,0.2659,0.5041
0.1491,0.6429,0.2659,0.5041
0.1491,-0.3239,0.2659,0.5041
0.1491,-1.2907,0.2659,0.5041
0.6325,0.6429,0.2659,0.5041
0.1491,0.1595,0.2659,0.5041
0.1491,0.6429,0.7493,0.5041
0.6325,-0.3239,0.2659,0.5041
-0.3343,0.1595,0.2659,0.5041
0.1491,0.6429,0.2659,0.0207
0.6325,0.1595,0.2659,0.0207
0.1491,-0.3239,0.2659,0.0207
0.1491,0.1595,0.2659,0.0207
0.1491,-0.3239,0.2659,0.5041
0.1491,-0.3239,0.2659,0.0207
-0.8177,0.1595,-0.2175,0.0207
0.1491,-0.3239,-0.2175,0.0207
0.1491,0.1595,-0.2175,0.0207
0.1491,-0.8073,-0.7009,0.0207
0.6325,-0.3239,-0.2175,0.0207
-0.3343,-0.3239,-0.2175,0.0207
0.1491,-0.3239,0.2659,0.0207
0.1491,-0.3239,-0.2175,0.0207
-0.3343,0.1595,-0.2175,-0.4627
-0.3343,-0.8073,-0.2175,-0.4627
-0.3343,-0.3239,-0.2175,0.0207
-0.3343,-0.3239,-0.7009,0.0207
0.1491,-0.3239,-0.7009,0.0207
-0.3343,-0.3239,-0.2175,0.0207
0.1491,-0.3239,-0.2175,0.0207
-0.3343,-0.3239,-0.2175,0.0207
-0.3343,-0.8073,-0.2175,0.0207
-0.3343,-0.3239,-0.2175,0.0207
-0.3343,-0.8073,-0.7009,-0.4627
-0.3343,-0.8073,-0.2175,-0.4627
-0.3343,-0.8073,-0.7009,-0.4627
-0.3343,0.1595,-0.2175,-0.4627
-0.3343,-0.8073,-0.7009,-0.4627
0.1491,-0.3239,-0.2175,-0.4627
-0.3343,-0.3239,-0.2175,0.0207
-0.3343,-0.3239,-0.2175,-0.4627
-0.3343,-0.3239,-0.7009,-0.4627
-0.3343,-0.8073,-0.7009,-0.4627
0.1491,-0.3239,-0.2175,0.0207
-0.3343,-0.3239,-0.2175,0.0207
0.1491,-0.8073,-0.2175,-0.4627
0.1491,-0.3239,-0.2175,0.0207
-0.3343,0.1595,-0.2175,0.0207
0.1491,-0.3239,0.2659,0.0207
-0.3343,-0.3239,0.2659,0.0207
0.1491,-0.8073,-0.2175,-0.4627
0.1491,-0.3239,-0.2175,0.0207
-0.3343,0.1595,0.2659,0.5041
0.1491,0.1595,0.2659,0.0207
-0.3343,0.1595,0.2659,0.0207
0.1491,-0.3239,0.2659,0.0207
-0.3343,0.6429,0.2659,0.5041
0.1491,0.6429,0.2659,0.5041
0.6325,0.6429,0.2659,0.0207
0.1491,0.1595,0.2659,0.5041
0.1491,0.1595,0.2659,0.5041
0.6325,0.1595,0.2659,0.0207
0.1491,0.1595,0.2659,0.5041
0.1491,0.1595,0.7493,0.5041
0.1491,0.1595,0.2659,0.5041
0.6325,-0.3239,0.2659,0.5041
0.1491,0.6429,0.2659,0.5041
0.1491,0.6429,0.2659,0.5041
0.1491,0.1595,0.2659,0.5041
0.6325,0.1595,0.2659,0.5041
0.1491,0.1595,0.2659,0.5041
0.1491,0.1595,0.2659,0.5041
0.1491,0.1595,0.2659,0.0207
-0.3343,0.1595,0.2659,0.0207
-0.3343,-0.3239,0.2659,0.0207
0.1491,-0.3239,-0.2175,0.0207
0.1491,0.1595,0.2659,0.0207
-0.3343,0.1595,-0.2175,0.0207
0.1491,-0.3239,0.2659,0.0207
0.1491,-0.3239,-0.2175,0.0207
0.1491,-0.3239,-0.2175,-0.4627
0.1491,-1.2907,-0.2175,0.0207
-0.3343,-0.3239,-0.2175,0.0207
-0.3343,-0.3239,-0.2175,-0.4627
-0.3343,-0.8073,-0.2175,0.0207
-0.3343,-0.3239,-0.2175,0.0207
-0.3343,-0.8073,-0.2175,-0.4627
-0.3343,-0.8073,-0.2175,0.0207
-0.3343,-0.8073,-0.7009,0.0207
-0.3343,-0.3239,-0.2175,-0.4627
-0.3343,-0.3239,-0.2175,-0.4627
-0.8177,-0.8073,-0.2175,-0.4627
-0.8177,-0.8073,-0.2175,-0.4627
0.1491,-0.3239,-0.7009,-0.4627
-0.3343,-0.8073,-0.2175,0.0207
-0.3343,-0.8073,-0.7009,-0.4627
-0.3343,-0.3239,-0.2175,-0.4627
-0.8177,-0.3239,-0.2175,-0.4627
-0.3343,-0.3239,-0.7009,-0.4627
0.1491,-0.8073,-0.2175,-0.4627
-0.8177,-0.3239,-0.2175,-0.4627
-0.3343,-0.8073,-0.7009,-0.4627
-0.3343,0.1595,-0.2175,-0.4627
0.1491,-0.3239,-0.2175,0.0207
0.1491,0.1595,-0.2175,0.0207
-0.3343,0.1595,-0.2175,0.0207
0.1491,-0.3239,0.2659,0.0207
-0.3343,0.1595,-0.2175,0.0207
-0.3343,0.1595,-0.2175,0.0207
0.1491,0.1595,0.2659,0.0207
-0.3343,0.1595,-0.2175,0.0207
0.1491,-0.3239,-0.2175,0.0207
0.1491,-0.3239,0.7493,0.5041
0.1491,0.1595,0.2659,0.5041
0.1491,-0.3239,0.2659,0.0207
0.1491,0.6429,0.2659,0.5041
0.6325,0.1595,0.2659,0.0207
0.6325,0.1595,0.2659,0.5041
0.6325,0.1595,0.2659,0.5041
0.6325,0.1595,0.7493,0.5041
0.1491,0.6429,0.2659,0.5041
0.6325,0.1595,-0.2175,0.5041
-0.3343,0.6429,0.2659,0.5041
0.6325,0.1595,0.2659,0.5041
0.1491,0.6429,0.2659,0.5041
0.1491,0.1595,0.2659,0.0207
0.6325,-0.3239,0.2659,0.9875
0.1491,0.1595,0.2659,0.5041
0.1491,0.1595,0.2659,0.0207
0.1491,0.1595,0.2659,0.5041
0.1491,-0.3239,0.2659,0.0207
0.1491,0.6429,0.2659,0.5041
-0.3343,-0.3239,0.2659,0.0207
0.1491,0.1595,0.2659,0.0207
-0.3343,0.1595,-0.2175,0.5041
-0.3343,-0.3239,0.2659,0.0207
-0.3343,0.1595,0.2659,0.5041
-0.3343,0.1595,-0.2175,0.0207
-0.3343,0.1595,0.2659,0.0207
0.1491,-0.3239,0.2659,0.0207
0.1491,-0.3239,0.2659,0.0207
-0.3343,-0.3239,-0.2175,0.0207
0.1491,-0.3239,-0.2175,-0.4627
0.1491,-0.3239,-0.2175,0.0207
-0.3343,-0.3239,-0.2175,0.0207
-0.3343,-0.3239,-0.2175,0.0207
-0.8177,-0.3239,-0.2175,-0.4627
0.1491,-0.3239,-0.7009,0.0207
-0.3343,-0.3239,-0.2175,0.0207
-0.3343,-0.3239,-0.2175,0.0207
-0.3343,-0.3239,-0.7009,0.0207
0.1491,-0.8073,-0.2175,0.0207
-0.8177,-0.8073,-0.2175,0.0207
-0.3343,-0.8073,-0.2175,-0.9461
0.1491,-0.8073,-0.2175,-0.4627
-0.8177,0.1595,-0.2175,-0.4627
-0.3343,-0.8073,-0.2175,0.0207
-0.3343,-0.8073,-0.2175,-0.4627
-0.3343,-0.8073,-0.2175,-0.4627
0.1491,-0.3239,-0.2175,0.0207
-0.3343,-0.8073,-0.7009,-0.4627
-0.3343,-0.3239,-0.2175,0.0207
-0.3343,-0.3239,-0.2175,-0.4627
-0.3343,-0.8073,-0.2175,-0.4627
0.1491,0.1595,-0.2175,0.0207
-0.8177,-0.3239,-0.2175,-0.4627
-0.3343,-0.3239,-0.2175,0.5041
0.1491,0.1595,-0.2175,0.0207
-0.3343,0.1595,0.2659,0.0207
0.1491,0.1595,0.2659,0.0207
0.1491,-0.3239,-0.2175,0.0207
0.1491,-0.3239,0.2659,0.0207
0.1491,0.1595,0.2659,0.0207
0.1491,0.1595,0.2659,0.0207
0.1491,0.1595,0.2659,0.5041
0.1491,0.1595,0.2659,0.0207
0.1491,0.6429,0.7493,0.5041
0.1491,0.1595,0.2659,0.5041
0.6325,0.1595,0.2659,0.5041
0.1491,0.1595,0.2659,0.0207
0.1491,0.1595,0.7493,0.5041
0.6325,-0.3239,0.2659,0.5041
0.1491,0.1595,0.2659,0.5041
0.1491,0.1595,0.2659,0.5041
0.1491,-0.3239,0.2659,0.5041
0.1491,-0.3239,0.2659,0.5041
0.1491,0.6429,0.2659,0.0207
0.6325,0.1595,0.2659,0.5041
0.6325,0.1595,0.2659,0.0207
-0.3343,0.1595,0.2659,0.5041
0.6325,-0.3239,0.2659,0.5041
0.1491,0.1595,0.2659,0.5041
0.1491,-0.3239,0.2659,0.0207
0.1491,-0.3239,0.2659,0.5041
-0.3343,-0.3239,0.2659,0.5041
-0.3343,0.1595,-0.2175,0.0207
0.1491,0.1595,-0.2175,0.0207
-0.3343,-0.3239,-0.2175,0.0207
0.1491,-0.3239,-0.2175,0.0207
-0.8177,0.1595,-0.2175,0.0207
0.1491,-0.3239,-0.2175,0.0207
0.1491,-0.3239,-0.2175,0.0207
-0.3343,-0.3239,-0.2175,0.0207
0.1491,-0.3239,-0.7009,-0.4627
-0.3343,-0.3239,-0.2175,-0.4627
0.1491,-0.8073,-0.2175,0.0207
-0.8177,0.1595,0.2659,-0.4627
-0.3343,0.1595,-0.2175,0.0207
-0.3343,-0.8073,-0.2175,-0.4627
-0.3343,-0.3239,-0.2175,0.0207
-0.3343,-0.3239,-0.7009,0.0207
-0.3343,-1.2907,-0.7009,-0.4627
-0.8177,-0.8073,-0.2175,-0.4627
-0.3343,-0.8073,-0.7009,0.0207
-0.3343,-0.8073,-0.2175,0.0207
0.1491,-0.8073,-0.2175,0.0207
-0.3343,-0.3239,-0.2175,0.0207
-0.8177,-0.3239,-0.2175,-0.4627
-0.3343,-0.3239,-0.7009,-0.4627
-0.8177,-0.3239,-0.2175,0.0207
0.1491,-0.8073,-0.2175,-0.4627
0.1491,-0.8073,-0.2175,0.0207
0.1491,-0.8073,-0.2175,0.0207
0.1491,-0.3239,-0.2175,0.0207
0.1491,-0.3239,-0.2175,-0.4627
0.1491,0.1595,-0.2175,0.0207
0.1491,-0.8073,-0.2175,0.0207
-0.3343,0.1595,-0.2175,0.0207
-0.3343,-0.3239,-0.2175,0.0207
0.1491,0.1595,0.2659,0.0207
-0.3343,-0.3239,0.7493,0.0207
0.1491,0.1595,0.2659,0.5041
0.1491,0.1595,0.2659,0.0207
0.1491,0.1595,0.2659,0.5041
0.1491,0.1595,0.2659,0.5041
0.1491,0.1595,0.2659,0.5041
0.1491,-0.3239,0.2659,0.5041
0.1491,0.1595,0.2659,0.5041
0.6325,0.1595,0.7493,0.0207
0.1491,0.1595,0.2659,0.5041
0.6325,-0.3239,0.7493,0.0207
0.6325,-0.3239,0.7493,0.0207
0.1491,0.1595,0.2659,0.5041
0.1491,0.1595,0.2659,0.5041
0.1491,0.1595,0.2659,0.5041
0.6325,0.1595,0.2659,0.5041
0.1491,-0.3239,0.2659,0.9875
-0.3343,0.1595,0.2659,0.5041
0.6325,0.1595,0.2659,0.5041
-0.3343,0.6429,0.7493,0.0207
0.1491,-0.3239,0.2659,0.0207
0.1491,0.1595,-0.2175,0.0207
0.1491,0.1595,-0.2175,0.0207
0.6325,-0.3239,0.2659,0.5041
0.1491,-0.3239,0.2659,0.0207
0.1491,-0.3239,-0.2175,0.5041
-0.3343,-0.3239,-0.2175,0.0207
0.1491,-0.3239,0.2659,0.0207
0.1491,-0.3239,-0.2175,-0.4627
0.1491,-0.3239,-0.2175,-0.4627
0.1491,-0.3239,-0.2175,0.0207
-0.3343,0.1595,-0.2175,-0.4627
0.1491,-0.8073,-0.2175,0.0207
0.1491,-0.3239,-0.2175,0.0207
-0.3343,-0.3239,-0.2175,0.0207
-0.3343,-0.8073,-0.2175,0.0207
0.1491,-0.3239,-0.2175,-0.4627
-0.8177,-0.8073,-0.2175,-0.4627
-0.3343,-0.8073,-0.2175,0.0207
-0.3343,-0.3239,-0.2175,-0.4627
-0.8177,0.1595,-0.2175,0.0207
-0.3343,-0.3239,-0.2175,-0.4627
-0.8177,-0.3239,-0.7009,0.0207
-0.8177,-0.3239,-0.2175,0.0207
-0.8177,0.1595,-0.2175,-0.4627
-0.3343,-0.8073,-0.2175,-0.4627
0.1491,-0.3239,-0.7009,-0.4627
-0.3343,-0.3239,-0.2175,0.0207
-0.3343,-0.3239,-0.2175,-0.4627
-0.3343,-0.3239,-0.2175,-0.4627
-0.3343,0.1595,-0.2175,-0.4627
0.1491,0.1595,-0.2175,0.0207
-0.3343,-0.3239,-0.2175,-0.4627
-0.3343,-0.8073,-0.2175,-0.4627
-0.3343,-0.3239,-0.2175,0.0207
-0.3343,0.1595,-0.2175,0.0207
0.1491,-0.3239,-0.2175,0.0207
0.1491,-0.3239,0.2659,0.0207
-0.3343,0.1595,0.2659,0.0207
0.1491,-0.3239,0.2659,0.0207
0.1491,-0.3239,0.2659,0.0207
0.6325,0.6429,-0.2175,0.0207
0.1491,0.1595,0.2659,0.0207
0.1491,0.1595,0.2659,0.0207
0.1491,0.1595,0.2659,0.5041
0.6325,0.1595,0.2659,0.0207
0.1491,0.1595,0.2659,0.5041
0.1491,0.1595,0.2659,0.5041
0.6325,0.6429,0.2659,0.5041
0.1491,0.6429,0.2659,0.5041
0.6325,0.1595,0.2659,0.5041
0.6325,0.1595,0.2659,0.5041
0.1491,0.1595,0.2659,0.5041
0.1491,0.1595,0.2659,0.5041
0.1491,0.1595,0.2659,0.0207
0.1491,-0.3239,0.2659,0.5041
0.1491,0.6429,0.2659,0.0207
0.1491,-0.3239,0.2659,0.0207
0.1491,0.6429,0.2659,0.5041
0.1491,-0.3239,0.2659,0.5041
-0.3343,0.1595,-0.2175,0.0207
-0.3343,0.1595,0.2659,0.0207
0.1491,-0.3239,0.2659,0.5041
0.1491,-0.3239,-0.2175,0.0207
0.1491,-0.3239,-0.2175,0.0207
0.1491,-0.3239,-0.2175,0.5041
-0.3343,0.1595,0.2659,0.0207
-0.3343,-0.3239,-0.2175,0.0207
0.1491,-0.8073,-0.2175,0.0207
-0.3343,-0.3239,-0.2175,0.0207
0.1491,0.1595,-0.2175,0.0207
-0.3343,-0.3239,-0.2175,0.0207
-0.3343,-0.3239,-0.2175,-0.4627
0.1491,-0.8073,-0.2175,0.0207
-0.3343,-0.8073,-0.2175,-0.4627
0.1491,-0.3239,-0.2175,0.0207
-0.3343,-0.3239,-0.2175,0.0207
-0.3343,-0.8073,-0.2175,-0.4627
0.1491,-0.3239,-0.7009,0.0207
-0.8177,-0.3239,-0.2175,0.0207
-0.3343,-0.8073,-0.2175,-0.4627
-0.3343,-0.8073,-0.2175,-0.4627
0.1491,-0.3239,-0.2175,-0.4627
-0.8177,-0.3239,-0.2175,-0.4627
-0.3343,-0.3239,-0.2175,0.0207
-0.3343,-0.8073,-0.7009,-0.4627
0.1491,-0.8073,-0.2175,-0.4627
-0.3343,-0.8073,-0.2175,-0.4627
-0.3343,-0.3239,-0.2175,-0.4627
-0.3343,-0.3239,-0.7009,-0.4627
0.1491,-0.3239,-0.2175,-0.4627
0.1491,-0.3239,-0.2175,-0.4627
-0.3343,0.1595,-0.2175,0.0207
-0.3343,-0.3239,-0.2175,0.0207
-0.3343,-0.3239,-0.2175,-0.4627
-0.3343,-0.3239,0.2659,0.0207
-0.3343,-0.3239,-0.2175,0.0207
0.6325,-0.3239,-0.2175,0.0207
0.1491,0.1595,-0.2175,0.0207
0.1491,-0.3239,-0.2175,0.0207
0.1491,0.1595,0.2659,0.0207
0.1491,0.1595,0.2659,0.0207
0.1491,-0.3239,-0.2175,0.0207
0.1491,0.1595,0.7493,0.0207
0.1491,-0.3239,-0.2175,0.0207
0.1491,0.6429,0.2659,0.9875
0.1491,-0.3239,0.2659,0.5041
0.1491,-0.3239,0.2659,0.5041
0.1491,0.1595,0.2659,0.5041
0.6325,0.6429,0.7493,0.0207
0.6325,0.1595,0.2659,0.5041
0.6325,0.1595,0.2659,0.0207
0.1491,0.1595,0.2659,0.5041
0.1491,0.1595,0.2659,0.0207
0.6325,0.1595,-0.2175,0.5041
0.1491,-0.3239,0.2659,0.5041
0.1491,0.6429,0.2659,0.5041
0.1491,0.1595,-0.2175,0.0207
0.1491,0.6429,0.2659,0.5041
0.1491,-0.3239,0.2659,0.0207
0.1491,0.1595,0.2659,0.5041
0.1491,0.1595,-0.2175,0.0207
0.1491,-0.3239,-0.2175,0.0207
0.1491,0.6429,0.2659,0.0207
-0.3343,-0.3239,0.2659,0.0207
0.1491,-0.3239,-0.2175,0.0207
-0.3343,0.1595,-0.2175,0.0207
-0.3343,-0.3239,-0.2175,0.0207
-0.3343,-0.3239,-0.2175,0.0207
-0.3343,-0.3239,-0.2175,0.0207
0.1491,0.1595,-0.2175,0.0207
0.1491,-0.3239,-0.2175,0.0207
-0.3343,-0.3239,-0.2175,0.0207
0.1491,0.1595,-0.2175,0.0207
0.1491,-0.3239,-0.2175,0.0207
0.1491,-0.8073,-0.7009,-0.4627
0.1491,-0.8073,-0.2175,0.0207
0.1491,-0.3239,-0.2175,0.0207
-0.8177,-0.8073,-0.2175,-0.4627
-0.3343,-0.8073,-0.2175,-0.4627
-0.3343,-0.3239,-0.2175,-0.4627
-0.3343,-0.3239,-0.2175,-0.4627
-0.3343,-0.8073,-0.2175,-0.4627
0.1491,-0.3239,-0.7009,-0.4627
-0.3343,-0.3239,-0.2175,-0.4627
0.1491,-0.8073,-0.7009,0.0207
-0.3343,0.1595,-0.7009,0.0207
-0.3343,-0.3239,-0.2175,0.0207
0.6325,-0.8073,-0.2175,0.0207
0.1491,-0.3239,-0.2175,-0.4627
0.1491,-0.8073,-0.7009,-0.4627
-0.3343,-0.3239,-0.2175,0.0207
-0.3343,-0.3239,-0.2175,-0.4627
-0.3343,-0.3239,-0.2175,0.0207
0.1491,-0.3239,0.2659,0.0207
0.1491,-2.7409,-0.2175,0.0207
0.6325,-0.3239,-0.2175,0.0207
-0.3343,0.1595,-0.2175,0.5041
0.1491,0.1595,-0.2175,0.0207
0.1491,0.1595,-0.2175,0.0207
0.6325,0.1595,0.2659,0.0207
-0.3343,0.1595,0.2659,0.0207
0.1491,0.1595,0.2659,0.0207
0.1491,0.6429,0.2659,0.0207
-0.3343,0.1595,0.2659,0.5041
0.6325,0.6429,0.2659,0.0207
0.1491,0.1595,0.2659,0.5041
0.1491,0.1595,0.2659,0.5041
0.1491,0.1595,0.2659,0.5041
0.1491,-0.3239,0.2659,0.5041
0.6325,0.6429,0.7493,0.5041
0.1491,0.1595,0.2659,0.0207
0.1491,0.6429,0.2659,0.0207
0.6325,0.1595,0.2659,0.5041
0.6325,0.1595,0.2659,0.0207
0.1491,-0.3239,-0.2175,0.5041
0.1491,0.1595,-0.2175,0.0207
-0.3343,-0.3239,0.2659,0.0207
0.1491,0.6429,0.2659,0.5041
0.1491,0.1595,0.2659,0.0207
0.6325,-0.3239,0.2659,0.0207
0.1491,-0.3239,-0.2175,0.0207
0.6325,0.1595,-0.2175,0.0207
0.1491,0.1595,-0.2175,-0.4627
1.5993,-0.3239,-0.2175,0.0207
-0.3343,-0.3239,0.2659,0.5041
0.6325,-0.3239,0.2659,0.5041
-0.3343,0.1595,0.2659,-0.4627
-0.3343,-0.3239,-0.2175,0.0207
0.1491,-0.3239,-0.2175,0.0207
-0.3343,-0.3239,-0.2175,0.0207
0.1491,-0.8073,-0.2175,0.0207
0.1491,-0.8073,-0.2175,0.0207
-0.3343,-0.3239,0.2659,0.0207
0.6325,-0.3239,-0.2175,0.0207
-0.8177,-0.3239,-0.2175,-0.4627
-0.8177,-0.3239,-0.2175,-1.4295
0.1491,-0.3239,-0.2175,-0.4627
-0.3343,-0.3239,-0.2175,0.0207
0.1491,-0.8073,-0.2175,-1.4295
1.1159,-0.3239,-0.2175,-0.4627
-0.8177,-0.3239,-0.2175,0.0207
0.1491,-0.8073,-0.2175,-0.4627
-0.8177,-0.8073,-0.2175,-0.4627
0.1491,-0.8073,-0.7009,-0.4627
-0.3343,-0.8073,-0.2175,-0.4627
-0.8177,-0.8073,-0.7009,0.0207
-0.3343,-0.8073,-0.2175,-0.4627
0.1491,0.1595,-0.2175,0.0207
-0.3343,-0.3239,-0.2175,0.0207
-0.3343,-0.3239,-0.2175,0.0207
-0.3343,-0.3239,-0.2175,-0.9461
-0.3343,-0.3239,-0.2175,0.0207
-0.3343,-0.3239,0.2659,0.0207
0.1491,-0.3239,0.2659,0.0207
0.1491,0.1595,0.2659,0.0207
-0.3343,0.1595,-0.2175,0.0207
0.1491,0.1595,0.2659,0.5041
0.1491,0.1595,0.2659,0.0207
-0.3343,0.1595,0.2659,0.0207
0.1491,0.1595,-0.2175,0.0207
0.1491,-0.3239,0.2659,0.5041
0.6325,0.1595,0.2659,0.0207
0.1491,0.1595,0.2659,0.5041
0.1491,0.1595,0.2659,0.5041
0.1491,-0.3239,0.2659,0.5041
0.1491,0.6429,0.2659,0.5041
0.6325,0.6429,0.2659,0.5041
0.6325,0.1595,0.2659,0.5041
0.6325,0.6429,0.2659,0.5041
1.1159,0.1595,0.2659,0.5041
1.1159,0.6429,0.2659,0.5041
0.1491,0.6429,0.2659,0.5041
0.1491,0.1595,0.2659,0.0207
0.1491,0.1595,0.2659,0.0207
0.1491,0.1595,0.2659,0.0207
0.1491,0.1595,0.2659,0.0207
0.6325,0.1595,0.2659,0.5041
0.1491,-0.3239,0.2659,0.5041
-0.3343,0.1595,0.2659,0.0207
0.1491,0.1595,0.2659,0.5041
0.1491,-0.3239,0.2659,0.5041
-0.3343,0.6429,0.2659,0.0207
0.1491,-0.3239,0.2659,0.5041
-0.3343,-0.3239,0.2659,0.0207
0.1491,0.1595,-0.2175,0.0207
0.6325,-0.3239,-0.2175,0.0207
-0.3343,-0.3239,-0.2175,0.0207
0.1491,-0.3239,-0.2175,0.0207
-0.3343,-0.3239,-0.2175,0.0207
0.1491,-0.3239,-0.2175,0.5041
0.1491,-0.8073,-0.2175,0.0207
-0.3343,-0.3239,-0.7009,0.0207
0.1491,-0.8073,-0.7009,-0.4627
0.1491,-0.8073,-0.2175,-0.4627
-0.8177,0.1595,-0.2175,0.0207
-0.3343,-0.3239,-0.2175,-0.4627
-0.3343,-0.3239,-0.2175,-0.4627
-0.8177,-0.3239,-0.2175,0.0207
-0.3343,-0.8073,-0.2175,0.0207
0.1491,-0.3239,-0.2175,0.0207
-0.3343,-0.8073,-0.2175,-0.4627
0.1491,-0.3239,-0.2175,-0.4627
0.1491,-0.8073,-0.2175,-0.4627
-0.3343,-0.3239,-0.7009,-0.4627
-0.3343,0.1595,-0.2175,-0.4627
0.1491,-0.3239,-0.2175,-0.4627
-0.3343,-0.3239,-0.2175,-0.4627
-0.8177,-0.3239,-0.2175,0.0207
0.1491,-0.8073,-0.2175,0.0207
0.1491,-0.3239,-0.2175,0.0207
-0.3343,-0.3239,-0.2175,-0.4627
0.1491,-0.3239,-0.2175,0.0207
0.1491,-0.8073,-0.2175,0.0207
0.1491,-0.3239,-0.2175,0.0207
0.1491,-0.3239,-0.2175,0.0207
-0.3343,0.1595,-0.2175,0.0207
0.1491,-0.3239,-0.2175,0.0207
0.6325,0.6429,0.2659,0.0207
0.1491,0.1595,-0.2175,0.0207
0.1491,0.1595,0.2659,0.0207
0.6325,-0.3239,-0.2175,0.5041
0.1491,0.1595,0.2659,0.0207
0.6325,0.1595,0.2659,0.0207
0.1491,0.1595,0.2659,0.0207
-0.3343,0.6429,0.2659,0.0207
0.6325,-0.3239,0.2659,0.0207
-0.3343,0.6429,0.2659,0.5041
0.1491,0.1595,0.2659,0.0207
0.6325,0.1595,0.7493,0.0207
0.1491,0.6429,0.2659,0.5041
0.1491,0.1595,0.2659,0.0207
0.6325,0.1595,0.2659,0.0207
0.1491,-0.3239,0.2659,0.5041
0.6325,0.6429,-0.2175,0.0207
0.1491,0.1595,0.2659,0.0207
0.1491,0.1595,0.2659,0.5041
0.1491,0.1595,0.2659,0.5041
0.1491,0.6429,0.2659,0.0207
-0.3343,0.1595,0.2659,0.0207
0.6325,0.1595,0.2659,0.0207
-0.3343,-0.3239,0.2659,0.0207
-0.3343,-0.3239,-0.2175,0.5041
0.1491,-0.3239,-0.2175,0.0207
0.1491,-0.3239,-0.2175,0.0207
0.1491,0.1595,-0.2175,0.0207
-0.3343,-0.3239,-0.2175,0.0207
-0.3343,0.1595,0.2659,0.0207
-0.3343,-0.3239,-0.2175,0.0207
0.1491,-0.3239,-0.2175,0.0207
-0.3343,0.1595,-0.2175,0.0207
-0.3343,-0.8073,-0.2175,0.0207
-0.8177,-0.3239,-0.2175,-0.4627
0.1491,-0.8073,-0.2175,0.0207
-0.3343,-0.3239,-0.7009,0.0207
-0.3343,-0.8073,-0.2175,-0.4627
-0.8177,-0.3239,-0.7009,-0.4627
-0.3343,-0.3239,-0.2175,0.0207
0.1491,-0.8073,-0.2175,-0.4627
0.1491,-0.8073,-0.2175,0.0207
0.1491,-0.3239,-0.7009,-0.4627
-0.3343,-0.3239,-0.2175,-0.4627
-0.3343,-0.8073,-0.7009,0.0207
-0.3343,-0.8073,-0.7009,-0.4627
-0.3343,-0.3239,-0.2175,0.0207
-0.3343,-0.8073,-0.2175,-0.4627
-0.3343,-0.3239,-0.7009,-0.4627
0.1491,-0.8073,-0.2175,-0.4627
0.1491,-0.8073,-0.2175,-0.4627
-0.3343,-0.3239,-0.2175,-0.4627
0.1491,-0.8073,-0.2175,-0.4627
0.1491,-0.8073,-0.2175,0.0207
0.1491,-0.3239,-0.2175,-0.4627
0.1491,-0.3239,-0.2175,0.0207
0.1491,-0.3239,0.2659,0.0207
0.1491,-0.3239,-0.2175,0.0207
0.1491,-0.3239,0.2659,0.0207
0.1491,-0.3239,0.2659,0.0207
-0.3343,0.1595,0.2659,0.5041
0.1491,-0.3239,0.2659,0.0207
0.1491,0.1595,0.2659,0.0207
0.1491,0.6429,0.2659,0.5041
0.6325,0.6429,0.2659,-0.4627
0.1491,0.1595,0.2659,0.0207
0.1491,0.6429,0.2659,0.0207
0.1491,0.1595,0.2659,0.5041
0.1491,0.1595,0.2659,0.5041
0.1491,0.6429,0.2659,0.5041
0.1491,0.1595,0.2659,0.5041
0.1491,0.1595,0.2659,0.5041
0.1491,0.6429,0.7493,0.5041
0.6325,0.1595,0.2659,0.9875
0.1491,-0.3239,0.2659,0.5041
0.1491,0.1595,0.2659,0.0207
0.6325,0.1595,0.2659,0.0207
0.1491,0.1595,0.2659,0.5041
0.6325,-0.3239,0.2659,0.0207
-0.3343,0.1595,0.2659,0.5041
0.6325,0.1595,-0.2175,0.5041
-0.3343,0.1595,0.2659,0.0207
0.6325,0.1595,-0.2175,0.0207
-0.3343,0.1595,0.2659,0.0207
0.1491,0.1595,-0.2175,0.0207
0.6325,-0.3239,-0.2175,0.0207
0.1491,-0.3239,-0.2175,0.0207
0.1491,0.6429,0.2659,0.0207
0.1491,-0.3239,0.2659,0.0207
0.1491,0.1595,-0.2175,0.0207
-0.3343,-0.3239,-0.2175,0.0207
-0.3343,-0.3239,-0.2175,0.0207
0.1491,0.1595,-0.2175,0.0207
0.1491,-0.3239,-0.2175,-0.4627
-0.3343,-0.3239,-0.7009,-0.4627
-0.3343,-0.8073,-0.2175,0.0207
-0.3343,-1.2907,-0.2175,-0.4627
-0.3343,-0.8073,-0.2175,-0.4627
-0.3343,-0.8073,-0.2175,-0.4627
-0.3343,-0.8073,-0.7009,-0.4627
0.1491,-0.8073,-0.7009,-0.4627
-0.8177,-0.3239,-0.7009,0.0207
-0.3343,-0.3239,-0.7009,-0.4627
0.6325,-0.8073,-0.7009,-0.4627
-0.8177,-0.3239,-0.2175,-0.4627
0.1491,-0.8073,-0.2175,-0.4627
-0.3343,-0.8073,-0.2175,-0.4627
-0.3343,-0.8073,-0.2175,-0.4627
0.1491,-0.8073,-0.2175,0.0207
0.1491,-0.3239,-0.7009,-0.4627
-0.3343,-0.8073,-0.7009,-0.4627
-0.3343,-0.3239,-0.2175,0.0207
0.1491,-0.3239,-0.2175,-0.4627
-0.3343,-0.3239,-0.2175,-0.4627
0.1491,-0.3239,-0.2175,-0.4627
0.1491,-0.3239,0.2659,0.0207
0.1491,0.1595,-0.2175,0.0207
0.1491,-0.3239,-0.2175,0.0207
0.1491,-0.3239,0.2659,0.0207
0.1491,0.1595,0.2659,0.0207
0.1491,0.1595,0.2659,0.0207
0.1491,-0.3239,0.2659,0.0207
0.1491,0.1595,0.2659,0.0207
0.1491,-0.3239,0.2659,0.0207
0.1491,0.6429,0.2659,0.0207
0.1491,0.1595,0.2659,0.5041
0.1491,0.1595,0.2659,0.5041
0.1491,-1.7741,0.2659,0.0207
0.1491,0.1595,0.2659,0.5041
0.1491,0.1595,0.2659,0.5041
0.1491,-0.3239,-0.2175,0.5041
0.6325,0.1595,0.2659,0.0207
0.1491,0.1595,-0.2175,0.9875
0.1491,0.1595,0.2659,0.0207
0.1491,0.1595,0.2659,0.5041
0.6325,0.1595,0.2659,0.5041
0.1491,-0.3239,0.2659,0.5041
0.6325,-0.3239,0.2659,0.5041
0.6325,0.1595,0.2659,0.5041
0.6325,0.1595,-0.2175,0.5041
0.6325,-0.3239,0.2659,0.0207
0.6325,-0.3239,0.2659,0.0207
0.1491,-0.3239,0.2659,0.0207
0.1491,-0.3239,-0.2175,0.5041
0.1491,0.6429,0.2659,0.0207
0.1491,-0.8073,-0.2175,0.0207
-0.3343,-0.3239,-0.2175,0.0207
-0.3343,-0.3239,-0.2175,0.0207
0.6325,0.1595,-0.2175,0.0207
-0.3343,-0.3239,-0.2175,0.0207
0.6325,-0.3239,-0.2175,0.0207
0.1491,-0.8073,-0.2175,-0.4627
-0.3343,-0.3239,-0.2175,-0.4627
0.1491,-0.3239,-0.2175,0.0207
-0.3343,0.1595,-0.2175,0.0207
-0.3343,0.1595,-0.2175,0.0207
-0.3343,-0.3239,-0.2175,-0.4627
-0.3343,-0.3239,-0.2175,0.0207
0.1491,-0.8073,-0.2175,0.0207
-0.3343,-0.8073,-0.7009,-0.4627
0.1491,-0.3239,-0.2175,0.0207
-0.8177,-0.3239,-0.2175,-0.4627
-0.3343,-0.3239,-0.2175,-0.4627
-0.8177,-0.3239,-0.2175,-0.4627
-0.3343,-0.3239,-0.2175,-0.4627
-0.3343,-0.8073,-0.7009,-0.4627
-0.3343,-0.3239,-0.7009,0.0207
-0.3343,-0.3239,-0.7009,0.0207
-0.3343,-0.3239,-0.2175,0.0207
0.1491,-0.3239,-0.2175,-0.4627
-0.3343,-0.3239,-0.2175,0.0207
-0.3343,-0.8073,-0.2175,-0.4627
0.1491,-0.3239,-0.2175,0.0207
0.1491,-0.3239,-0.2175,-0.4627
0.1491,-0.3239,-0.2175,-0.4627
0.1491,-0.3239,-0.2175,0.0207
-0.3343,-0.3239,-0.2175,0.0207
-0.3343,-0.3239,-0.2175,0.5041
0.1491,-0.3239,0.2659,0.0207
0.1491,-0.3239,0.2659,0.0207
0.1491,0.1595,0.2659,0.0207
0.6325,0.1595,0.2659,0.0207
0.1491,0.1595,0.2659,0.5041
0.6325,-0.3239,0.2659,0.5041
0.1491,0.1595,0.2659,0.0207
0.1491,-0.3239,0.2659,0.5041
0.1491,0.1595,0.7493,0.5041
0.1491,-0.3239,0.2659,0.5041
0.1491,0.1595,0.2659,0.5041
0.1491,0.1595,0.2659,0.5041
0.6325,-0.3239,0.2659,0.5041
0.1491,-0.3239,0.2659,0.5041
0.1491,0.1595,0.2659,0.0207
0.1491,0.1595,0.2659,0.5041
0.1491,0.6429,0.2659,0.5041
0.1491,-0.3239,0.2659,0.0207
0.1491,0.1595,0.7493,0.5041
0.6325,0.6429,0.2659,0.5041
0.6325,-0.3239,0.2659,0.5041
-0.3343,0.1595,0.2659,0.0207
0.6325,-0.3239,0.2659,0.0207
0.6325,-0.3239,0.2659,0.0207
0.1491,0.1595,-0.2175,0.0207
-0.3343,0.1595,0.2659,0.0207
-0.3343,-0.3239,-0.2175,0.0207
0.1491,-0.3239,0.2659,0.0207
0.1491,-0.3239,-0.2175,0.0207
-0.3343,-0.3239,-0.2175,0.0207
-0.3343,-0.3239,-0.2175,0.0207
-0.3343,-0.3239,-0.2175,0.0207
-0.8177,-0.3239,-0.2175,0.0207
-0.3343,-0.8073,-0.2175,0.0207
-0.3343,-0.3239,-0.2175,0.0207
0.1491,-0.8073,-0.2175,0.0207
-0.3343,-0.3239,-0.2175,-0.4627
-0.8177,-0.3239,-0.2175,-0.4627
-0.3343,0.1595,0.2659,0.0207
-0.8177,-0.3239,-0.2175,-0.4627
-0.3343,-0.8073,-0.7009,0.0207
0.1491,-0.8073,-0.7009,-0.4627
0.1491,-0.8073,-0.2175,-0.4627
-0.3343,-0.8073,-0.7009,-0.4627
0.1491,-0.3239,-0.2175,-0.4627
-0.3343,-0.8073,-0.2175,-0.4627
-0.3343,-0.8073,-0.2175,0.0207
-0.3343,-0.3239,-0.7009,0.0207
-0.3343,-0.8073,-0.7009,-0.4627
-0.3343,-0.8073,0.2659,-0.4627
-0.3343,-0.8073,-0.2175,-0.4627
-0.3343,-0.3239,-0.2175,0.0207
-0.3343,-0.3239,-0.2175,-0.4627
0.1491,-0.8073,-0.2175,-0.4627
0.1491,-0.3239,-0.2175,0.0207
0.1491,-0.3239,-0.2175,0.0207
-0.3343,0.1595,-0.2175,0.0207
0.1491,0.1595,-0.2175,0.0207
-0.3343,-0.3239,0.2659,-0.4627
-0.3343,0.1595,-0.2175,0.0207
0.1491,0.1595,0.2659,0.0207
0.1491,-0.3239,0.2659,0.5041
-0.3343,0.1595,0.2659,0.0207
0.1491,0.1595,0.2659,0.5041
0.1491,0.1595,0.2659,0.5041
0.1491,0.1595,0.2659,0.0207
0.1491,0.1595,0.2659,0.5041
0.1491,0.1595,0.2659,0.5041
0.6325,0.1595,0.2659,0.5041
0.1491,-0.3239,0.2659,0.0207
0.6325,0.1595,0.2659,0.5041
0.1491,0.6429,0.2659,0.5041
0.1491,0.1595,0.2659,0.5041
0.1491,0.1595,0.2659,0.9875
0.1491,0.1595,0.2659,0.0207
0.1491,0.1595,0.2659,0.0207
0.1491,0.1595,0.2659,0.5041
0.1491,0.1595,0.2659,0.5041
-0.3343,-0.3239,0.2659,0.0207
0.1491,0.6429,0.2659,0.0207
-0.3343,0.1595,-0.2175,0.0207
-0.3343,0.1595,0.2659,0.5041
0.1491,-0.3239,0.2659,0.0207
0.1491,-0.3239,0.2659,0.0207
0.1491,0.1595,0.2659,0.0207
0.1491,0.1595,-0.2175,0.5041
0.1491,0.1595,0.2659,0.0207
0.1491,-0.3239,0.2659,0.0207
-0.3343,0.1595,0.2659,0.0207
0.1491,-0.3239,-0.2175,-0.4627
-0.3343,-0.3239,0.2659,0.0207
0.1491,-0.8073,-0.2175,0.0207
-0.3343,-0.3239,-0.2175,0.0207
-0.3343,-0.3239,-0.7009,0.0207
0.1491,-0.8073,-0.2175,-0.4627
0.1491,-0.8073,-0.2175,-0.4627
-0.3343,-0.8073,-0.2175,-0.4627
-0.3343,-0.3239,-0.2175,-0.4627
-0.3343,0.1595,-0.2175,0.0207
0.1491,-0.8073,-0.2175,-0.4627
-0.8177,-0.3239,-0.2175,-0.4627
-0.3343,-0.3239,-0.2175,0.0207
-0.3343,-0.3239,-0.7009,0.0207
-0.3343,-0.3239,-0.2175,-0.4627
0.1491,0.1595,-0.2175,-0.4627
0.1491,0.1595,-0.7009,-0.4627
-0.3343,-0.3239,-0.2175,-0.4627
-0.8177,-0.8073,-0.2175,0.0207
-0.8177,-0.3239,-0.7009,-0.4627
-0.3343,-0.3239,-0.2175,0.0207
0.1491,-0.3239,-0.2175,0.0207
0.1491,-0.3239,-0.2175,-0.4627
0.1491,-0.3239,-0.2175,0.0207
0.1491,-0.3239,-0.2175,-0.4627
-0.3343,-0.3239,-0.2175,0.0207
0.1491,-0.3239,-0.2175,0.0207
0.1491,0.1595,0.2659,0.0207
0.1491,0.1595,-0.2175,-0.4627
-0.3343,-0.3239,-0.2175,0.0207
-0.3343,0.1595,0.2659,0.0207
0.1491,-0.3239,0.2659,0.5041
0.1491,0.6429,0.2659,0.0207
0.1491,0.1595,0.2659,0.0207
0.6325,0.1595,0.2659,0.0207
0.6325,0.1595,0.2659,0.5041
0.6325,0.1595,0.2659,0.5041
0.6325,1.6097,0.2659,0.5041
0.1491,0.1595,0.7493,0.5041
0.1491,0.1595,0.2659,0.5041
0.6325,0.1595,0.2659,0.5041
0.6325,-0.3239,0.2659,0.5041
0.6325,0.1595,0.2659,0.5041
0.6325,0.1595,0.2659,0.5041
0.1491,0.1595,0.2659,0.5041
0.1491,0.1595,0.7493,0.0207
0.1491,0.1595,0.2659,0.5041
0.1491,0.1595,0.2659,0.5041
-0.3343,0.1595,0.2659,0.5041
1.1159,-0.3239,0.2659,0.0207
-0.3343,0.6429,0.2659,0.0207
0.6325,-0.3239,0.2659,0.5041
0.1491,0.1595,0.7493,0.0207
0.6325,0.1595,0.2659,0.0207
0.1491,0.1595,0.2659,0.0207
0.6325,-0.3239,0.2659,0.5041
0.1491,-0.3239,-0.2175,0.5041
0.1491,0.1595,0.2659,0.0207
0.1491,-0.3239,-0.2175,0.0207
0.1491,-0.3239,-0.2175,0.5041
0.1491,-0.3239,-0.2175,-0.4627
-0.3343,0.1595,0.2659,0.0207
0.1491,-0.3239,-0.2175,0.0207
-0.8177,-0.3239,-0.2175,-0.4627
-0.3343,-0.3239,-0.2175,0.0207
0.1491,-0.3239,-0.2175,0.0207
-0.3343,-0.3239,-0.2175,0.0207
0.1491,-0.3239,-0.7009,0.0207
-0.3343,-0.3239,-0.2175,-0.4627
-0.3343,-0.8073,-0.2175,-0.4627
-0.3343,-0.3239,-0.7009,-0.4627
-0.3343,-0.3239,-0.2175,-0.4627
-0.3343,0.1595,-0.2175,-0.4627
-0.3343,-0.3239,-0.2175,0.0207
-0.3343,-0.8073,-0.2175,-0.4627
-0.3343,-0.8073,-0.2175,0.0207
0.1491,-0.8073,-0.2175,0.0207
-0.3343,0.1595,-0.7009,0.0207
-0.3343,-0.3239,-0.2175,0.0207
0.1491,0.1595,0.2659,0.0207
-0.3343,-0.8073,-0.2175,0.0207
0.1491,-0.8073,-0.2175,0.0207
-0.3343,-0.3239,-0.2175,-0.4627
-0.3343,-0.3239,-0.2175,0.0207
-0.3343,-0.3239,-0.2175,0.0207
0.1491,0.1595,0.2659,0.5041
0.1491,-0.3239,0.2659,0.0207
0.1491,-0.3239,-0.2175,0.0207
0.1491,-0.3239,0.2659,0.5041
-0.3343,-0.3239,0.2659,0.0207
0.1491,0.1595,0.2659,0.0207
0.1491,-0.3239,0.2659,0.0207
0.6325,0.1595,-0.2175,0.5041
0.1491,0.1595,0.2659,0.0207
0.1491,0.1595,0.2659,0.5041
0.1491,-0.3239,0.2659,0.0207
0.6325,-0.3239,0.2659,0.5041
0.1491,0.6429,0.2659,0.5041
0.6325,0.6429,0.7493,0.5041
0.6325,0.1595,0.7493,0.5041
-0.3343,0.6429,0.2659,0.0207
0.1491,0.1595,0.2659,0.5041
0.1491,0.1595,0.2659,0.5041
0.1491,0.1595,0.2659,0.0207
0.6325,0.1595,0.2659,0.5041
0.1491,0.1595,0.2659,0.0207
0.1491,0.1595,0.2659,0.5041
0.6325,0.1595,0.7493,0.0207
0.6325,0.1595,0.2659,0.0207
0.1491,0.6429,0.2659,0.5041
0.6325,-0.3239,0.2659,0.5041
0.1491,0.1595,-0.2175,0.5041
0.1491,0.1595,0.2659,0.5041
0.1491,0.1595,0.2659,0.5041
0.1491,0.1595,-0.2175,0.5041
0.1491,-0.3239,-0.2175,0.0207
0.1491,-0.3239,0.2659,0.5041
0.1491,-0.3239,0.2659,0.0207
0.1491,-0.3239,-0.2175,0.0207
0.1491,-0.8073,-0.2175,0.0207
-0.3343,-0.3239,0.2659,-0.4627
-0.3343,-0.3239,-0.2175,0.0207
0.1491,-0.3239,-0.2175,0.0207
0.1491,-0.3239,-0.2175,0.0207
-0.3343,0.1595,-0.2175,0.0207
-0.3343,-0.3239,-0.7009,0.0207
-0.3343,-0.8073,-0.2175,0.0207
-0.3343,-0.3239,-0.2175,-0.4627
-0.3343,-0.3239,-0.2175,0.0207
-0.3343,-0.3239,-0.7009,0.0207
-0.3343,-0.3239,-0.7009,0.0207
-0.3343,-0.3239,-0.2175,0.0207
-0.3343,-0.3239,-0.2175,-0.4627
-0.3343,-0.3239,-0.2175,-0.4627
-0.3343,-0.3239,-0.7009,-0.4627
-0.3343,-0.3239,-0.2175,-0.4627
0.1491,-0.8073,-0.2175,-0.4627
-0.3343,-0.3239,-0.7009,-0.4627
0.1491,-0.3239,-0.2175,-0.4627
-0.3343,-0.3239,-0.2175,-0.4627
-0.3343,-0.3239,-0.2175,0.0207
0.1491,-0.3239,-0.2175,0.0207
-0.3343,-0.3239,-0.2175,0.0207
0.1491,-0.3239,-0.2175,-0.4627
-0.3343,-0.3239,-0.2175,0.0207
-0.3343,-0.3239,-0.2175,0.0207
0.1491,0.6429,0.2659,0.0207
-0.3343,-0.3239,0.2659,0.0207
0.1491,-0.3239,0.2659,0.0207
-0.3343,0.1595,-0.2175,0.0207
0.1491,0.1595,0.2659,0.0207
0.1491,0.1595,-0.2175,0.0207
0.1491,0.6429,0.2659,0.0207
0.1491,0.1595,0.2659,0.5041
-0.3343,0.6429,0.2659,0.5041
0.1491,0.1595,0.2659,0.0207
0.6325,-0.3239,0.2659,0.0207
0.1491,-0.3239,0.7493,0.0207
0.6325,-0.3239,0.2659,0.5041
0.1491,-0.3239,0.2659,0.5041
0.1491,0.6429,0.2659,0.0207
0.1491,0.1595,0.2659,0.5041
0.6325,-0.3239,0.2659,0.9875
0.6325,0.1595,0.2659,0.5041
0.1491,0.1595,0.2659,0.5041
0.6325,-0.3239,0.2659,0.5041
-0.3343,0.1595,0.2659,0.5041
0.6325,-0.3239,0.2659,0.5041
0.1491,-0.3239,0.2659,0.5041
0.6325,0.1595,0.2659,0.5041
0.6325,0.1595,0.7493,0.0207
0.6325,-0.3239,0.2659,0.5041
0.6325,0.1595,0.7493,0.5041
-0.3343,0.1595,0.2659,0.0207
0.1491,-0.3239,0.2659,0.0207
0.1491,-0.3239,-0.2175,0.0207
0.1491,0.1595,-0.2175,0.0207
0.6325,-0.3239,-0.2175,0.0207
-0.3343,-0.3239,-0.2175,0.0207
0.1491,-0.3239,-0.2175,0.0207
-0.3343,-0.3239,-0.2175,0.0207
0.1491,-0.3239,-0.2175,0.0207
-0.3343,-0.8073,-0.2175,0.0207
-0.8177,-0.3239,-0.2175,0.0207
0.6325,-0.3239,-0.2175,0.0207
-0.3343,-0.3239,-0.2175,0.0207
-0.3343,-0.3239,-0.7009,0.0207
-0.3343,-0.3239,-0.7009,0.0207
-0.8177,-0.3239,-0.2175,-0.4627
-0.3343,-0.8073,-0.7009,0.0207
0.1491,-0.3239,-0.2175,-0.4627
-0.3343,-0.8073,-0.2175,-0.4627
-0.3343,-0.3239,-0.2175,0.0207
-0.8177,-0.3239,-0.2175,-0.4627
0.1491,-0.3239,-0.2175,-0.4627
-0.3343,-0.3239,-0.2175,-0.4627
-0.3343,-0.8073,-0.7009,-0.4627
-0.8177,-0.3239,-0.2175,0.0207
-0.3343,-0.3239,-0.7009,-0.4627
0.1491,-0.8073,-0.2175,-0.4627
-0.3343,-0.3239,-0.2175,0.0207
0.6325,-0.3239,-0.2175,-0.9461
-0.8177,-0.3239,-0.2175,0.0207
-0.3343,-0.3239,-0.2175,-0.4627
-0.3343,-0.3239,-0.2175,0.0207
0.1491,-0.3239,0.2659,-0.4627
0.1491,0.1595,-0.2175,0.0207
0.1491,-0.3239,-0.2175,-0.4627
0.1491,-0.3239,-0.2175,0.0207
0.1491,-0.3239,0.2659,0.0207
0.1491,0.1595,-0.2175,0.0207
0.6325,0.1595,0.2659,0.0207
0.1491,0.1595,0.2659,0.0207
0.1491,-0.3239,0.2659,0.9875
0.1491,0.1595,0.2659,0.0207
0.1491,-0.3239,0.2659,0.5041
0.1491,-0.3239,0.2659,0.5041
0.6325,0.6429,0.2659,0.5041
0.6325,0.1595,0.2659,0.0207
0.6325,-0.3239,0.2659,0.5041
0.1491,0.1595,0.2659,0.5041
0.6325,0.1595,0.2659,0.5041
0.6325,-0.3239,0.7493,0.5041
0.6325,0.1595,0.2659,0.5041
0.1491,0.1595,0.2659,0.5041
0.6325,0.1595,0.2659,0.5041
0.1491,0.6429,0.2659,0.0207
0.1491,0.6429,0.2659,0.0207
0.1491,0.1595,0.2659,0.5041
-0.3343,0.1595,0.2659,0.0207
0.1491,0.1595,0.7493,-0.4627
0.6325,0.1595,0.2659,0.0207
0.1491,0.6429,0.2659,0.5041
0.1491,0.1595,0.2659,0.0207
-0.3343,-0.3239,-0.2175,0.5041
0.1491,-0.3239,0.2659,0.5041
-0.3343,0.1595,-0.2175,0.0207
-0.3343,0.1595,-0.2175,0.0207
-0.3343,-0.3239,-0.2175,0.0207
-0.3343,-0.3239,-0.2175,0.0207
0.1491,-0.3239,-0.2175,0.0207
-0.3343,-0.3239,-0.2175,0.0207
0.1491,-0.3239,-0.2175,0.0207
-0.3343,-0.3239,-0.2175,-0.4627
-0.3343,-0.3239,-0.2175,0.0207
-0.3343,-0.3239,-0.7009,-0.4627
-0.8177,0.1595,-0.2175,0.0207
-0.8177,-0.3239,-0.2175,0.0207
-0.3343,-0.3239,-0.2175,-0.4627
-0.3343,-0.3239,-0.2175,0.0207
-0.3343,-0.3239,-0.2175,0.0207
-0.3343,-0.8073,-0.2175,-0.4627
-0.3343,-0.3239,-0.7009,-0.4627
-0.3343,-0.3239,-0.7009,0.0207
-0.3343,-0.3239,-0.7009,0.0207
-0.3343,-0.3239,-0.2175,-0.4627
0.6325,-0.8073,-0.2175,0.0207
-0.3343,-0.3239,-0.7009,0.0207
-0.3343,-0.3239,-0.2175,0.0207
-0.3343,-0.8073,-0.7009,-0.4627
-0.3343,-0.8073,-0.2175,-0.4627
-0.3343,-0.3239,-0.7009,0.0207
-0.3343,-0.3239,-0.7009,0.0207
-0.3343,0.1595,-0.2175,0.0207
0.1491,-0.3239,-0.2175,0.0207
0.1491,-0.3239,-0.2175,0.0207
0.1491,-0.3239,-0.2175,0.0207
0.1491,-0.3239,-0.2175,0.0207
0.1491,-0.3239,0.2659,0.0207
0.1491,0.1595,-0.2175,0.0207
0.1491,-0.3239,-0.2175,0.5041
0.1491,-0.3239,0.2659,0.0207
-0.3343,0.1595,0.2659,0.5041
-0.3343,0.1595,0.2659,0.5041
0.1491,0.1595,0.2659,0.5041
0.1491,0.6429,0.2659,0.5041
0.1491,0.1595,0.2659,0.5041
0.1491,0.1595,-0.2175,0.0207
0.6325,0.1595,0.2659,0.5041
0.1491,0.1595,0.7493,0.5041
0.1491,0.6429,0.2659,0.5041
-0.3343,0.1595,0.2659,0.0207
0.1491,0.1595,0.2659,0.5041
-0.3343,0.6429,0.2659,0.5041
1.1159,0.1595,0.2659,0.5041
0.1491,-0.3239,0.2659,0.5041
0.1491,0.1595,-0.2175,0.5041
0.6325,-0.3239,0.2659,0.5041
0.6325,-0.3239,0.2659,0.5041
0.1491,0.1595,0.2659,0.0207
0.1491,0.1595,-0.2175,0.0207
-0.3343,0.1595,0.2659,0.0207
0.1491,-0.3239,0.2659,0.0207
0.6325,-0.3239,0.2659,0.5041
0.1491,0.1595,-0.2175,0.0207
0.1491,-0.3239,-0.2175,0.5041
-0.3343,-0.3239,-0.2175,0.0207
-0.8177,-0.3239,-0.2175,0.0207
0.1491,-0.3239,-0.2175,0.0207
-0.3343,-0.3239,-0.2175,0.0207
-0.3343,-0.3239,-0.2175,0.0207
0.1491,-0.3239,-0.7009,0.0207
-0.3343,-0.3239,-0.2175,0.0207
-0.3343,-0.3239,-0.2175,-0.4627
-0.3343,-0.3239,-0.2175,0.0207
-0.3343,-0.3239,-0.2175,-0.4627
-0.3343,-0.3239,-0.7009,0.0207
-0.3343,-0.3239,-0.2175,0.0207
-0.3343,-0.3239,-0.2175,-0.4627
-0.3343,-0.3239,-0.2175,-0.4627
-0.8177,-0.3239,-0.2175,-0.4627
-0.3343,-0.8073,-0.7009,0.0207
-0.3343,-0.8073,-0.7009,0.0207
-0.3343,-0.3239,-0.7009,-0.4627
-0.3343,-0.3239,-0.7009,0.0207
-0.8177,-0.8073,-0.7009,-0.4627
-0.8177,-0.8073,-0.2175,-0.4627
-0.3343,-0.3239,-0.2175,-0.4627
0.1491,-0.3239,-0.2175,0.0207
-0.3343,-0.3239,-0.7009,-0.4627
-0.8177,-0.3239,-0.2175,-0.4627
-0.3343,0.1595,-0.2175,-0.4627
-0.3343,-0.3239,0.2659,-0.4627
-0.3343,0.1595,0.2659,0.0207
0.1491,0.1595,-0.2175,0.0207
0.1491,-0.3239,0.2659,0.0207
0.1491,0.6429,0.2659,0.0207
0.1491,0.1595,-0.2175,0.0207
-0.3343,-0.3239,-0.2175,0.0207
-0.3343,0.1595,0.2659,0.0207
0.1491,0.1595,-0.2175,0.0207
0.1491,0.1595,-0.2175,0.0207
0.1491,0.6429,0.2659,0.5041
0.1491,-0.3239,0.2659,0.5041
0.1491,0.1595,0.2659,0.5041
0.6325,0.6429,0.2659,0.0207
0.1491,0.1595,0.2659,0.5041
0.6325,0.1595,0.2659,0.5041
0.6325,-0.3239,0.2659,0.5041
0.1491,0.1595,0.2659,0.5041
0.6325,0.1595,0.7493,0.5041
0.1491,0.1595,0.2659,0.5041
0.1491,0.6429,0.2659,0.5041
0.1491,0.1595,0.7493,0.9875
1.5993,0.1595,0.2659,0.5041
0.1491,0.1595,0.2659,0.5041
0.6325,0.1595,0.2659,0.5041
0.1491,0.1595,0.2659,0.0207
0.6325,-0.3239,0.2659,0.5041
0.6325,-0.3239,0.2659,0.5041
0.1491,0.1595,0.2659,0.0207
0.1491,-0.3239,0.2659,0.0207
0.1491,-0.3239,0.2659,0.5041
0.1491,-0.3239,-0.2175,0.0207
0.1491,-0.3239,0.2659,0.0207
0.1491,1.1263,-0.2175,-0.4627
0.1491,-0.3239,-0.2175,0.0207
0.1491,-0.8073,-0.2175,0.0207
-0.3343,-0.3239,-0.2175,0.0207
-0.3343,0.1595,-0.2175,-0.4627
0.1491,-0.3239,-0.2175,-0.4627
-0.3343,-0.3239,-0.2175,0.0207
-0.8177,-0.3239,-0.2175,0.0207
0.1491,-0.8073,-0.2175,0.0207
-0.3343,-0.3239,-0.7009,0.0207
-0.3343,-0.3239,-0.2175,0.0207
0.1491,-0.8073,-0.2175,-0.4627
0.1491,0.1595,-0.7009,-0.4627
-0.3343,-0.3239,-0.2175,-0.4627
-0.3343,-0.8073,-0.2175,-0.4627
-0.3343,-0.3239,-0.2175,-0.4627
-0.3343,-0.3239,-0.7009,-0.4627
-0.8177,-0.3239,-0.7009,0.0207
0.1491,-0.8073,-0.7009,0.0207
-0.3343,-0.3239,-0.2175,0.0207
-0.3343,-0.8073,-0.2175,0.0207
-0.3343,-0.3239,-0.2175,-0.4627
0.1491,-0.8073,-0.7009,0.0207
-0.8177,0.1595,-0.2175,-0.4627
-0.3343,-0.3239,-0.2175,-0.4627
0.1491,-0.3239,-0.2175,0.0207
-0.3343,-0.3239,-0.2175,0.0207
0.1491,-0.8073,0.2659,0.0207
-0.3343,0.1595,-0.2175,0.0207
-0.3343,-0.3239,-0.2175,0.0207
0.1491,-0.3239,-0.2175,0.0207
-0.3343,-0.3239,0.2659,0.0207
-0.3343,0.1595,0.2659,0.0207
-0.3343,-0.3239,-0.2175,0.0207
-0.3343,1.1263,0.2659,0.0207
0.1491,0.1595,0.2659,0.0207
0.6325,-0.3239,0.2659,0.0207
0.1491,0.1595,0.2659,0.5041
0.1491,0.1595,0.2659,0.0207
-0.3343,0.1595,0.2659,0.0207
0.1491,0.1595,0.2659,0.5041
0.1491,0.6429,0.2659,0.5041
0.1491,0.1595,0.2659,0.5041
0.6325,0.1595,0.2659,0.5041
0.6325,0.1595,0.2659,0.0207
0.1491,0.1595,0.2659,0.5041
0.1491,0.1595,0.2659,0.5041
0.1491,0.1595,0.2659,0.5041
0.6325,0.1595,0.2659,0.5041
0.1491,0.1595,0.2659,0.5041
0.1491,-0.3239,0.2659,0.5041
0.1491,0.1595,0.7493,0.5041
0.1491,-0.3239,-0.2175,0.5041
0.1491,0.1595,0.2659,0.0207
0.1491,0.1595,-0.2175,0.0207
0.1491,-0.3239,0.2659,0.0207
0.1491,0.1595,0.2659,0.5041
-0.3343,0.6429,-0.2175,0.0207
0.6325,-0.3239,0.2659,0.5041
0.1491,0.1595,-0.2175,0.5041
0.1491,-0.3239,-0.2175,0.0207
0.1491,-0.3239,0.2659,0.0207
-0.3343,-0.3239,-0.2175,0.0207
-0.3343,-0.3239,0.2659,0.0207
0.1491,0.1595,-0.2175,0.0207
-0.8177,-0.3239,0.2659,0.0207
-0.3343,-0.3239,-0.2175,0.0207
-0.3343,-0.3239,-0.7009,0.0207
-0.8177,0.1595,-0.7009,0.0207
-0.3343,-0.3239,-0.2175,0.0207
-0.8177,-0.8073,-0.2175,-0.4627
-0.8177,-0.8073,-0.7009,0.0207
-0.8177,0.1595,-0.7009,-0.4627
-0.3343,-0.8073,-0.2175,-0.4627
-0.3343,-0.8073,-0.2175,-0.4627
-0.3343,-0.8073,-0.7009,0.0207
-0.3343,-0.3239,-0.2175,-0.4627
-0.3343,-0.8073,-0.7009,-0.4627
-0.3343,-0.3239,-0.7009,-0.4627
-0.8177,-0.3239,-0.7009,-0.4627
-0.3343,-0.3239,-0.2175,-0.4627
-0.3343,-0.8073,-0.2175,-0.4627
-0.3343,-0.8073,-0.7009,-0.4627
0.1491,-0.3239,-0.2175,0.0207
-0.3343,-0.3239,-0.2175,-0.4627
-0.3343,-0.3239,-0.2175,0.0207
0.1491,-0.3239,-0.2175,-0.4627
-0.3343,0.1595,-0.2175,0.0207
0.1491,0.1595,-0.2175,0.0207
-0.3343,0.1595,0.2659,-0.4627
0.1491,-0.3239,0.2659,0.0207
0.6325,-0.3239,-0.2175,0.0207
-0.3343,-0.3239,0.2659,0.0207
0.6325,-0.3239,0.2659,0.0207
0.1491,-0.3239,0.2659,0.5041
0.1491,-0.3239,-0.2175,0.0207
0.1491,-0.3239,0.2659,0.5041
0.1491,0.1595,0.2659,0.0207
0.1491,-0.3239,0.2659,0.5041
0.1491,0.1595,0.2659,0.5041
0.1491,0.1595,0.2659,0.5041
0.1491,0.1595,0.2659,0.5041
0.6325,0.1595,0.2659,0.5041
0.1491,0.1595,0.2659,0.5041
0.6325,-0.3239,0.2659,0.5041
0.1491,0.1595,0.2659,0.0207
-0.3343,0.1595,0.2659,0.5041
-0.3343,0.1595,0.2659,0.0207
0.1491,0.1595,0.7493,0.5041
0.1491,-0.3239,0.2659,0.5041
0.1491,-0.3239,0.2659,0.5041
0.6325,-0.3239,0.2659,0.5041
-0.3343,-0.3239,-0.2175,0.0207
0.1491,0.1595,0.2659,0.0207
0.1491,0.1595,-0.2175,0.0207
-0.3343,-0.8073,-0.2175,0.0207
0.1491,-0.3239,-0.2175,0.5041
0.1491,-0.3239,0.2659,0.0207
-0.3343,0.1595,-0.2175,0.0207
0.1491,-0.3239,-0.2175,0.0207
-0.3343,-0.3239,0.2659,0.0207
-0.3343,0.1595,-0.2175,0.0207
0.1491,-0.3239,-0.2175,0.0207
-0.3343,-0.3239,-0.2175,0.0207
-0.3343,-0.8073,-0.2175,0.0207
-0.3343,-0.8073,-0.2175,0.0207
-0.3343,-0.8073,-0.2175,-0.4627
-0.3343,-0.3239,-0.2175,0.0207
-0.3343,-0.8073,-0.7009,-0.4627
-0.3343,-0.3239,-0.2175,0.0207
-0.3343,-0.8073,-0.2175,-0.4627
-0.3343,-1.2907,-0.2175,0.0207
-0.3343,-0.3239,-0.7009,-0.4627
-0.3343,-0.3239,-0.2175,-0.4627
-0.3343,-0.3239,-0.7009,-0.4627
-0.3343,-0.8073,-0.7009,-0.4627
-0.8177,-0.3239,-0.2175,-0.4627
0.1491,-0.3239,-0.2175,-0.4627
-0.3343,-0.8073,-0.2175,0.0207
-0.3343,-0.3239,-0.7009,-0.4627
-1.3011,-0.3239,-0.2175,-0.4627
-0.3343,-0.3239,-0.2175,-0.4627
-0.8177,-0.8073,-0.2175,-0.4627
0.1491,-0.8073,-0.2175,-0.4627
-0.3343,-0.3239,-0.2175,-0.4627
-0.3343,-0.3239,-0.2175,0.0207
-0.3343,-0.8073,-0.2175,-0.4627
-0.3343,-0.3239,-0.2175,0.0207
-0.3343,-0.3239,-0.2175,-0.4627
0.1491,0.6429,0.2659,0.0207
0.1491,-0.3239,-0.2175,0.0207
0.1491,-0.3239,0.2659,0.0207
0.1491,-0.3239,-0.2175,0.0207
0.1491,-0.3239,0.2659,0.0207
0.6325,0.1595,0.2659,0.5041
0.1491,0.1595,0.2659,0.0207
0.1491,0.1595,0.2659,0.5041
0.1491,0.1595,0.2659,0.0207
-0.3343,0.1595,0.2659,0.0207
0.6325,0.1595,0.2659,0.0207
0.6325,0.1595,0.2659,0.0207
0.1491,-0.3239,0.7493,0.5041
0.1491,0.1595,0.2659,0.5041
0.1491,0.1595,0.2659,0.5041
0.1491,0.1595,0.2659,0.5041
0.1491,0.1595,0.2659,0.0207
0.6325,0.1595,-0.2175,0.0207
0.1491,0.1595,0.2659,0.0207
0.6325,0.6429,0.2659,1.9543
0.1491,0.1595,0.2659,0.0207
0.6325,-0.3239,0.2659,0.5041
0.1491,0.1595,0.2659,0.0207
0.1491,0.1595,0.2659,0.0207
0.6325,-0.3239,0.2659,0.0207
0.1491,-0.3239,0.2659,0.0207
0.1491,-0.3239,0.2659,0.0207
0.1491,0.1595,0.2659,0.0207
0.6325,0.1595,-0.2175,0.0207
0.1491,0.1595,0.2659,0.0207
0.1491,-0.3239,-0.2175,0.0207
-0.3343,-0.3239,-0.2175,0.0207
-0.3343,-0.8073,-0.2175,0.0207
0.1491,-0.8073,-0.2175,0.0207
0.1491,-0.3239,0.2659,0.0207
-0.3343,-0.3239,-0.2175,0.0207
-0.3343,-0.3239,-0.2175,0.0207
0.1491,-0.3239,-0.2175,0.0207
0.6325,-0.3239,-0.2175,0.0207
-0.3343,-0.3239,-0.2175,-0.4627
-0.8177,-0.3239,-0.2175,0.0207
-0.3343,-0.3239,-0.7009,0.0207
-0.3343,-0.3239,-0.7009,-0.4627
0.1491,-0.3239,-0.2175,-0.4627
-0.3343,-0.8073,-0.7009,-0.4627
-0.3343,-0.3239,-0.2175,-0.4627
-0.8177,-0.8073,-0.7009,0.0207
-0.3343,-0.3239,-0.2175,-0.4627
-0.3343,-0.8073,-0.7009,-0.4627
-0.3343,-0.8073,-0.2175,0.0207
-0.3343,-0.3239,-0.2175,-0.4627
0.1491,-0.3239,-0.2175,-0.4627
-0.3343,-0.8073,-0.7009,-0.4627
-0.8177,0.1595,-0.2175,-0.4627
-0.3343,-0.3239,-0.7009,0.0207
0.1491,-0.3239,-0.2175,-0.4627
-0.3343,-0.8073,-0.2175,-0.4627
0.1491,0.1595,-0.2175,-0.4627
-0.3343,-0.3239,-0.2175,-0.4627
0.1491,-0.3239,-0.2175,0.0207
0.1491,0.1595,0.2659,0.0207
-0.3343,-0.3239,-0.7009,-0.4627
0.1491,0.1595,0.2659,0.0207
-0.3343,-0.3239,0.2659,0.0207
0.1491,0.1595,-0.2175,0.0207
0.1491,-0.3239,0.2659,0.5041
-0.3343,0.1595,0.2659,0.0207
0.1491,-0.3239,-0.2175,0.0207
0.1491,-0.3239,0.2659,0.5041
0.1491,0.1595,0.2659,0.0207
0.1491,0.1595,0.2659,0.0207
0.1491,0.1595,0.2659,0.0207
0.1491,-0.3239,0.2659,0.0207
0.6325,0.1595,0.2659,0.5041
-0.3343,0.6429,0.2659,0.0207
0.6325,-0.3239,0.2659,0.0207
0.1491,-0.3239,0.7493,0.5041
0.1491,0.1595,0.2659,0.5041
0.1491,0.6429,0.2659,0.5041
0.1491,0.1595,0.2659,0.0207
0.1491,0.1595,0.2659,0.5041
0.1491,0.6429,0.2659,0.5041
0.1491,0.1595,0.2659,0.5041
0.1491,-0.3239,0.2659,0.0207
0.1491,-0.3239,0.2659,0.5041
-0.3343,-0.3239,0.2659,0.5041
0.1491,-0.3239,-0.2175,0.0207
-0.3343,0.1595,0.2659,0.0207
0.1491,-0.3239,-0.2175,0.0207
-0.3343,0.1595,-0.2175,0.0207
-0.3343,-0.3239,-0.2175,0.0207
-0.8177,-0.3239,-0.2175,0.0207
-0.3343,-0.3239,-0.2175,0.0207
-0.3343,-0.3239,-0.7009,0.0207
-0.3343,-0.8073,-0.2175,0.0207
0.1491,-0.8073,-0.2175,0.0207
-0.3343,-0.3239,-0.2175,-0.4627
-0.3343,-0.3239,-0.7009,0.0207
-0.3343,-0.3239,-0.2175,0.0207
-0.3343,-0.3239,-0.2175,-0.4627
-0.3343,-0.3239,-0.2175,0.0207
-0.3343,-0.3239,-0.2175,0.0207
-0.8177,-0.3239,-0.7009,-0.4627
0.1491,-0.8073,-0.2175,-0.4627
-0.3343,-0.3239,-0.2175,-0.4627
-0.3343,-0.3239,-0.2175,0.0207
-0.8177,-0.3239,-0.2175,0.0207
-0.8177,-0.8073,-0.2175,0.0207
-0.3343,-0.3239,-0.2175,-0.4627
-0.3343,-0.8073,-0.2175,-0.4627
-0.3343,-0.3239,-0.7009,0.0207
-0.3343,-0.8073,-0.7009,0.0207
-0.3343,-0.8073,-0.2175,0.0207
-0.3343,0.1595,-0.2175,-0.4627
-0.3343,-0.3239,-0.2175,0.0207
-0.3343,-0.3239,-0.2175,0.0207
-0.3343,-0.3239,-0.7009,-0.4627
-0.3343,-0.3239,-0.2175,0.0207
0.1491,0.1595,-0.2175,0.0207
0.1491,-0.3239,-0.2175,0.0207
-0.3343,0.1595,0.2659,0.0207
0.6325,0.1595,0.2659,0.0207
0.1491,-0.3239,0.2659,0.0207
-0.3343,0.1595,-0.2175,0.0207
-0.3343,-0.3239,-0.2175,0.0207
-0.3343,-0.3239,0.2659,0.0207
0.1491,0.1595,0.2659,0.5041
0.1491,0.1595,-0.2175,0.5041
0.1491,0.1595,-0.2175,0.0207
0.1491,0.1595,0.7493,0.0207
0.1491,0.6429,0.2659,0.5041
0.1491,0.1595,0.2659,0.5041
0.6325,0.1595,0.2659,0.5041
0.1491,0.1595,0.2659,0.0207
0.6325,0.1595,0.7493,0.5041
0.1491,0.1595,0.2659,0.5041
0.6325,0.1595,0.2659,0.5041
0.1491,0.6429,0.2659,0.0207
-0.3343,0.1595,0.2659,0.5041
0.1491,0.6429,0.7493,0.9875
-0.3343,0.1595,0.2659,0.5041
-0.3343,0.1595,0.2659,0.0207
0.1491,-0.3239,0.2659,0.5041
-0.3343,0.1595,0.2659,0.0207
0.1491,0.1595,0.2659,0.0207
-0.3343,0.1595,0.2659,0.5041
0.1491,0.1595,-0.2175,0.0207
0.1491,-0.3239,0.2659,0.5041
-0.3343,0.1595,0.2659,0.0207
-0.3343,-0.3239,0.2659,0.0207
-0.3343,0.1595,-0.2175,0.5041
0.1491,-0.3239,-0.2175,0.0207
-0.3343,-0.3239,-0.2175,0.0207
0.1491,-0.3239,-0.2175,0.0207
-0.3343,-0.3239,-0.2175,0.0207
-0.3343,-0.3239,-0.2175,0.0207
-0.3343,-0.3239,0.2659,0.0207
0.1491,-0.3239,0.2659,0.0207
-0.3343,-0.3239,-0.2175,0.0207
-0.3343,-0.3239,-0.2175,0.0207
-0.3343,-0.3239,-0.7009,-0.4627
-0.3343,-0.3239,-0.2175,0.0207
-0.3343,-0.8073,-0.2175,0.0207
-0.3343,-0.8073,-0.7009,0.0207
-0.3343,-0.8073,-0.2175,-0.4627
-0.8177,-0.3239,-0.2175,-0.4627
-0.8177,-0.3239,-0.2175,0.0207
-0.3343,-0.8073,-0.2175,-0.4627
-0.8177,-0.3239,-0.7009,-0.4627
0.1491,-0.8073,-0.7009,-0.4627
-0.3343,-0.3239,-0.2175,0.0207
-0.3343,-0.3239,-0.7009,0.0207
0.1491,-0.8073,-0.2175,-0.4627
0.1491,-0.3239,-0.2175,0.0207
-0.3343,-0.8073,-0.7009,0.0207
-0.3343,-0.3239,-0.2175,0.0207
-0.3343,-0.8073,-0.2175,0.0207
0.1491,-0.3239,-0.2175,-0.4627
-0.3343,-0.8073,-0.2175,0.0207
0.1491,-0.8073,-0.2175,0.0207
0.1491,-0.3239,0.2659,0.0207
0.1491,-0.3239,-0.2175,0.5041
0.1491,0.1595,0.2659,0.0207
0.6325,-0.3239,0.2659,0.0207
0.1491,-0.3239,0.2659,0.5041
0.1491,0.1595,0.2659,0.0207
0.1491,-0.3239,0.2659,0.0207
0.6325,0.1595,0.2659,0.0207
0.1491,0.1595,0.2659,0.5041
0.1491,0.1595,0.2659,0.5041
0.1491,0.6429,0.2659,0.5041
1.1159,0.1595,0.7493,0.0207
0.1491,0.1595,0.2659,0.5041
0.1491,-0.3239,0.2659,0.5041
0.1491,-0.3239,0.2659,0.5041
0.1491,1.1263,0.2659,0.0207
0.1491,0.6429,0.7493,0.5041
0.1491,0.1595,0.7493,0.5041
-0.3343,0.6429,0.2659,0.5041
0.1491,0.1595,0.7493,0.0207
0.6325,0.1595,0.2659,0.5041
0.1491,0.6429,0.2659,0.5041
0.1491,0.1595,0.2659,0.5041
0.6325,0.1595,0.2659,0.5041
0.1491,0.1595,0.2659,0.5041
0.1491,0.1595,0.2659,0.5041
-0.3343,0.1595,0.2659,0.0207
-0.8177,0.1595,-0.2175,0.0207
0.1491,-0.3239,-0.2175,0.0207
0.1491,0.1595,-0.2175,0.0207
-0.3343,-0.3239,-0.2175,0.0207
0.1491,-0.3239,0.2659,0.0207
0.1491,-0.3239,-0.2175,0.0207
-0.3343,-0.3239,0.2659,0.0207
0.1491,-0.3239,-0.2175,-0.4627
-0.3343,-0.3239,-0.2175,0.0207
0.1491,-0.3239,-0.2175,-0.4627
-0.3343,-0.3239,-0.2175,0.0207
-0.3343,-0.8073,-0.2175,0.0207
-0.3343,-0.8073,-0.7009,0.0207
-0.3343,-0.8073,-0.7009,-0.4627
0.1491,-0.3239,-0.2175,0.0207
-0.8177,-0.3239,-0.2175,0.0207
0.1491,-0.3239,-0.2175,-0.4627
0.1491,-0.3239,-0.2175,-0.4627
-0.3343,-0.3239,-0.2175,0.0207
0.1491,-0.8073,-0.2175,0.0207
-0.3343,-0.8073,-0.2175,-0.4627
-0.3343,-0.3239,-0.2175,-0.4627
0.1491,-0.3239,-0.2175,0.0207
0.1491,-0.3239,-0.2175,-0.4627
-0.3343,-0.3239,-0.2175,-0.4627
-0.3343,-0.8073,-0.2175,0.0207
-0.8177,0.1595,0.2659,-0.4627
-0.8177,-0.3239,-0.2175,0.0207
0.1491,-0.3239,-0.2175,0.0207
0.1491,-0.8073,-0.2175,0.0207
-0.3343,0.6429,-0.2175,0.0207
0.6325,0.1595,-0.2175,0.0207
0.1491,-0.3239,-0.2175,0.0207
0.1491,-0.3239,-0.2175,0.0207
0.6325,-0.3239,0.2659,0.5041
0.1491,0.1595,0.2659,0.5041
0.1491,0.6429,0.2659,0.0207
0.1491,0.1595,0.2659,0.5041
0.1491,-0.3239,0.2659,0.5041
0.6325,-0.3239,0.7493,0.5041
0.1491,0.1595,0.2659,0.5041
0.1491,0.1595,0.2659,0.5041
0.1491,0.1595,0.7493,0.9875
0.1491,0.1595,0.2659,0.0207
0.1491,0.1595,0.2659,0.5041
0.1491,0.6429,0.7493,0.5041
0.6325,-0.3239,0.2659,0.5041
0.1491,0.6429,0.2659,0.5041
0.6325,0.1595,0.2659,0.5041
0.6325,0.1595,0.7493,0.9875
0.1491,0.1595,0.2659,0.5041
0.6325,0.1595,0.7493,0.5041
0.6325,0.1595,0.2659,0.5041
0.1491,0.1595,0.2659,0.5041
0.1491,0.6429,0.2659,0.5041
0.1491,-0.3239,0.2659,0.5041
0.6325,0.1595,0.2659,0.0207
0.1491,-0.3239,0.2659,0.0207
0.6325,-0.3239,-0.2175,0.0207
-0.3343,0.1595,-0.2175,0.5041
0.1491,0.1595,-0.2175,0.5041
-0.3343,0.1595,0.2659,0.0207
-0.3343,-0.3239,-0.2175,0.0207
-0.3343,0.1595,0.2659,0.5041
0.1491,-0.3239,-0.2175,0.5041
0.1491,-0.3239,-0.2175,0.0207
0.6325,-0.8073,0.2659,0.0207
-0.3343,-0.3239,-0.2175,0.0207
0.1491,-0.8073,-0.2175,0.0207
-0.3343,-0.3239,-0.2175,0.0207
-0.3343,-0.8073,-0.2175,-0.4627
0.1491,-0.8073,-0.2175,0.0207
0.1491,-0.3239,-0.2175,0.0207
0.1491,-0.8073,-0.7009,0.0207
-0.8177,-0.3239,-0.2175,0.0207
-0.8177,-0.8073,-0.2175,-0.4627
-0.3343,-0.8073,-0.2175,0.0207
0.1491,-0.3239,-0.2175,-0.4627
0.1491,-0.8073,-0.2175,-0.4627
-0.3343,-0.8073,-0.2175,-0.4627
-0.3343,-0.8073,-0.2175,0.0207
-0.3343,-0.3239,-0.2175,0.0207
-1.3011,-0.3239,-0.2175,0.0207
-0.3343,-0.3239,-0.2175,-0.4627
-0.3343,-0.8073,-0.2175,-0.4627
-0.3343,-0.3239,-0.2175,-0.4627
0.1491,-0.3239,-0.2175,-0.4627
0.1491,-0.3239,-0.2175,0.0207
-0.3343,-0.3239,-0.2175,-0.4627
-0.3343,-0.8073,-0.2175,0.0207
0.1491,-0.3239,-0.2175,0.5041
-0.3343,0.1595,0.2659,0.0207
-0.3343,-0.3239,0.2659,0.0207
-0.3343,-0.3239,-0.2175,0.0207
0.1491,-0.3239,0.2659,0.0207
-0.3343,0.1595,0.2659,0.5041
0.1491,-0.3239,-0.2175,0.5041
-0.3343,0.6429,0.2659,0.0207
0.1491,0.1595,0.2659,0.0207
0.1491,0.1595,0.2659,0.5041
0.1491,0.1595,0.2659,0.5041
0.6325,-0.3239,0.7493,0.5041
0.1491,0.6429,0.2659,0.5041
0.1491,0.1595,0.2659,0.5041
0.1491,0.1595,0.7493,0.0207
0.1491,0.1595,0.7493,0.5041
0.1491,0.6429,0.2659,0.0207
0.1491,0.1595,0.2659,0.5041
-0.3343,0.1595,0.2659,0.5041
0.6325,0.6429,0.7493,0.5041
0.1491,0.6429,0.2659,0.9875
0.6325,0.6429,0.7493,0.5041
0.6325,0.1595,-0.2175,0.0207
0.1491,0.6429,0.2659,0.0207
0.1491,-0.3239,0.2659,0.0207
0.1491,0.1595,0.2659,0.9875
0.6325,0.1595,0.2659,0.5041
0.6325,0.1595,0.2659,0.5041
0.1491,0.1595,-0.2175,0.5041
